{
    "benchmarks": [
        {
            "name": "threadsjs: Mandelbrot 10000x10000, 1000",
            "stats": {
                "moe": 0.11928856705921216,
                "rme": 0.46335014084091614,
                "sem": 0.04297138582824646,
                "deviation": 0.09608693979933018,
                "mean": 25.744799999999998,
                "sample": [
                    25.863,
                    25.654,
                    25.812,
                    25.751,
                    25.644
                ],
                "variance": 0.009232700000000102
            },
            "times": {
                "cycle": 25.744799999999998,
                "elapsed": 128.863,
                "period": 25.744799999999998,
                "timeStamp": 1479254546170
            }
        },
        {
            "name": "threadsjs: Knights Tour (5x5)",
            "stats": {
                "moe": 0.004651194365379039,
                "rme": 3.4663974823195596,
                "sem": 0.002373058349683183,
                "deviation": 0.014819744643854084,
                "mean": 0.13417948717948716,
                "sample": [
                    0.136,
                    0.131,
                    0.131,
                    0.129,
                    0.13,
                    0.128,
                    0.128,
                    0.131,
                    0.129,
                    0.132,
                    0.131,
                    0.13,
                    0.198,
                    0.134,
                    0.131,
                    0.137,
                    0.13,
                    0.129,
                    0.129,
                    0.131,
                    0.129,
                    0.13,
                    0.131,
                    0.129,
                    0.129,
                    0.13,
                    0.13,
                    0.13,
                    0.133,
                    0.133,
                    0.195,
                    0.131,
                    0.135,
                    0.131,
                    0.132,
                    0.13,
                    0.131,
                    0.13,
                    0.129
                ],
                "variance": 0.00021962483130904178
            },
            "times": {
                "cycle": 0.13417948717948716,
                "elapsed": 5.944,
                "period": 0.13417948717948716,
                "timeStamp": 1480493531075
            }
        },
        {
            "name": "threadsjs: Knights Tour (6x6)",
            "stats": {
                "moe": 10.784218184073216,
                "rme": 1.2374502642119982,
                "sem": 3.884804821352023,
                "deviation": 8.68668765986205,
                "mean": 871.4870000000001,
                "sample": [
                    863.222,
                    874.608,
                    868.791,
                    885.045,
                    865.769
                ],
                "variance": 75.45854249999962
            },
            "times": {
                "cycle": 871.4870000000001,
                "elapsed": 4357.559,
                "period": 871.4870000000001,
                "timeStamp": 1480506396812
            }
        },
        {
            "name": "threadsjs: Monte Carlo simjs (projects: 1, runs: 10.000)",
            "stats": {
                "moe": 0.006319321482564406,
                "rme": 6.256753943133074,
                "sem": 0.0032241436135532686,
                "deviation": 0.02279813812662816,
                "mean": 0.10100000000000002,
                "sample": [
                    0.242,
                    0.097,
                    0.096,
                    0.095,
                    0.094,
                    0.096,
                    0.097,
                    0.095,
                    0.095,
                    0.094,
                    0.096,
                    0.095,
                    0.094,
                    0.095,
                    0.096,
                    0.096,
                    0.13,
                    0.119,
                    0.105,
                    0.097,
                    0.101,
                    0.099,
                    0.102,
                    0.097,
                    0.096,
                    0.098,
                    0.096,
                    0.095,
                    0.094,
                    0.095,
                    0.095,
                    0.096,
                    0.095,
                    0.096,
                    0.096,
                    0.095,
                    0.094,
                    0.094,
                    0.093,
                    0.095,
                    0.095,
                    0.094,
                    0.095,
                    0.094,
                    0.094,
                    0.092,
                    0.155,
                    0.095,
                    0.095,
                    0.095
                ],
                "variance": 0.0005197551020408166
            },
            "times": {
                "cycle": 0.10100000000000002,
                "elapsed": 6.041,
                "period": 0.10100000000000002,
                "timeStamp": 1479554077100
            }
        },
        {
            "name": "threadsjs: Monte Carlo simjs (projects: 4, runs: 10.000)",
            "stats": {
                "moe": 0.0017742630915802665,
                "rme": 1.4076003629023008,
                "sem": 0.0009052362712144217,
                "deviation": 0.005796340308816399,
                "mean": 0.1260487804878049,
                "sample": [
                    0.128,
                    0.126,
                    0.123,
                    0.125,
                    0.123,
                    0.123,
                    0.123,
                    0.125,
                    0.125,
                    0.121,
                    0.146,
                    0.126,
                    0.123,
                    0.125,
                    0.134,
                    0.125,
                    0.123,
                    0.12,
                    0.125,
                    0.136,
                    0.138,
                    0.124,
                    0.125,
                    0.119,
                    0.123,
                    0.132,
                    0.126,
                    0.125,
                    0.133,
                    0.112,
                    0.122,
                    0.122,
                    0.131,
                    0.123,
                    0.126,
                    0.125,
                    0.132,
                    0.123,
                    0.124,
                    0.125,
                    0.133
                ],
                "variance": 0.000033597560975609786
            },
            "times": {
                "cycle": 0.1260487804878049,
                "elapsed": 5.93,
                "period": 0.1260487804878049,
                "timeStamp": 1479554083148
            }
        },
        {
            "name": "threadsjs: Monte Carlo simjs (projects: 8, runs: 10.000)",
            "stats": {
                "moe": 0.0014176251158459275,
                "rme": 0.9966203550503385,
                "sem": 0.0007232781203295549,
                "deviation": 0.004399529049325143,
                "mean": 0.14224324324324325,