{
    "benchmarks": [
        {
            "name": "threadsjs: Monte Carlo simjs (projects: 1, runs: 10,000)",
            "stats": {
                "moe": 0.04200149222255558,
                "rme": 56.26769820493072,
                "sem": 0.02142933276660999,
                "deviation": 0.14846677249627613,
                "mean": 0.07464583333333334,
                "sample": [
                    1.081,
                    0.086,
                    0.0555,
                    0.051,
                    0.0515,
                    0.0545,
                    0.0545,
                    0.05,
                    0.053,
                    0.055,
                    0.0615,
                    0.055,
                    0.05,
                    0.052,
                    0.051,
                    0.05,
                    0.0545,
                    0.0505,
                    0.0525,
                    0.0495,
                    0.051,
                    0.0565,
                    0.0515,
                    0.05,
                    0.052,
                    0.0505,
                    0.0495,
                    0.052,
                    0.057,
                    0.051,
                    0.0505,
                    0.05,
                    0.0515,
                    0.0505,
                    0.053,
                    0.0565,
                    0.051,
                    0.05,
                    0.0695,
                    0.0505,
                    0.0495,
                    0.057,
                    0.0515,
                    0.05,
                    0.05,
                    0.0515,
                    0.0505,
                    0.0505
                ],
                "variance": 0.022042382535461015
            },
            "times": {
                "cycle": 0.14929166666666668,
                "elapsed": 6.851,
                "period": 0.07464583333333334,
                "timeStamp": 1478334327276
            }
        },
        {
            "name": "threadsjs: Monte Carlo simjs (projects: 4, runs: 10,000)",
            "stats": {
                "moe": 0.0014403057434302729,
                "rme": 1.328382455675487,
                "sem": 0.000734849869097078,
                "deviation": 0.005037876885679488,
                "mean": 0.10842553191489362,
                "sample": [
                    0.105,
                    0.104,
                    0.118,
                    0.109,
                    0.104,
                    0.112,
                    0.113,
                    0.104,
                    0.103,
                    0.108,
                    0.114,
                    0.104,
                    0.103,
                    0.103,
                    0.111,
                    0.106,
                    0.104,
                    0.105,
                    0.106,
                    0.105,
                    0.115,
                    0.102,
                    0.103,
                    0.109,
                    0.121,
                    0.107,
                    0.105,
                    0.108,
                    0.106,
                    0.117,
                    0.109,
                    0.106,
                    0.103,
                    0.117,
                    0.108,
                    0.107,
                    0.109,
                    0.118,
                    0.109,
                    0.11,
                    0.108,
                    0.108,
                    0.106,
                    0.122,
                    0.107,
                    0.106,
                    0.109
                ],
                "variance": 0.000025380203515263657
            },
            "times": {
                "cycle": 0.10842553191489362,
                "elapsed": 5.823,
                "period": 0.10842553191489362,
                "timeStamp": 1478334334133
            }
        },
        {
            "name": "threadsjs: Monte Carlo simjs (projects: 8, runs: 10,000)",
            "stats": {
                "moe": 0.0015718481006805007,
                "rme": 0.9273440122008854,
                "sem": 0.0008019633166737248,
                "deviation": 0.004536589595862764,
                "mean": 0.16949999999999998,
                "sample": [
                    0.166,
                    0.163,
                    0.168,
                    0.186,
                    0.167,
                    0.169,
                    0.169,
                    0.168,
                    0.169,
                    0.174,
                    0.167,
                    0.168,
                    0.172,
                    0.179,
                    0.168,
                    0.171,
                    0.178,
                    0.166,
                    0.171,
                    0.171,
                    0.167,
                    0.166,
                    0.167,
                    0.167,
                    0.164,
                    0.171,
                    0.17,
                    0.168,
                    0.17,
                    0.168,
                    0.17,
                    0.166
                ],
                "variance": 0.00002058064516129028
            },
            "times": {
                "cycle": 0.16949999999999998,
                "elapsed": 5.946,
                "period": 0.16949999999999998,
                "timeStamp": 1478334339962
            }
        },
        {
            "name": "threadsjs: Monte Carlo simjs (projects: 16, runs: 10,000)",
            "stats": {
                "moe": 0.0022574520267463526,
                "rme": 1.1289276075888168,
                "sem": 0.0011001228200518288,
                "deviation": 0.0058213027869684015,
                "mean": 0.19996428571428576,
                "sample": [
                    0.211,
                    0.196,
                    0.198,
                    0.219,
                    0.197,
                    0.198,
                    0.206,
                    0.195,
                    0.194,
                    0.196,
                    0.196,
                    0.204,
                    0.197,
                    0.198,
                    0.198,
                    0.205,
                    0.196,
                    0.197,
                    0.197,
                    0.199,
                    0.199,
                    0.208,
                    0.197,
                    0.206,
                    0.193,
                    0.199,
                    0.203,
                    0.197
                ],
                "variance": 0.000033887566137566076
            },
            "times": {
                "cycle": 0.19996428571428576,
                "elapsed": 6.041,
                "period": 0.19996428571428576,
                "timeStamp": 1478334345915
            }
        },
        {
            "name": "threadsjs: Monte Carlo simjs (projects: 1, runs: 100,000)",
            "stats": {
                "moe": 0.0018650783356951404,
                "rme": 1.3104424310809,
                "sem": 0.0009515705794362961,
                "deviation": 0.0057881778655292674,
                "mean": 0.14232432432432432,