{
    "benchmarks": [
        {
            "name": "threadsjs: Monte Carlo simjs (projects: 1, runs: 10.000)",
            "stats": {
                "moe": 0.006659359328544052,
                "rme": 12.593925399407894,
                "sem": 0.0033976323104816593,
                "deviation": 0.023783426173371616,
                "mean": 0.05287755102040818,
                "sample": [
                    0.21,
                    0.0485,
                    0.0475,
                    0.046,
                    0.053,
                    0.0475,
                    0.047,
                    0.046,
                    0.086,
                    0.0445,
                    0.057,
                    0.0495,
                    0.046,
                    0.0475,
                    0.046,
                    0.051,
                    0.0555,
                    0.047,
                    0.0485,
                    0.0555,
                    0.048,
                    0.0465,
                    0.0475,
                    0.0555,
                    0.049,
                    0.056,
                    0.0455,
                    0.052,
                    0.0465,
                    0.045,
                    0.0465,
                    0.0525,
                    0.0465,
                    0.0475,
                    0.0545,
                    0.047,
                    0.047,
                    0.0465,
                    0.0515,
                    0.0465,
                    0.048,
                    0.0455,
                    0.0575,
                    0.046,
                    0.0465,
                    0.0455,
                    0.0515,
                    0.047,
                    0.0465
                ],
                "variance": 0.000565651360544218
            },
            "times": {
                "cycle": 0.10575510204081635,
                "elapsed": 6.05,
                "period": 0.05287755102040818,
                "timeStamp": 1478641314933
            }
        },
        {
            "name": "threadsjs: Monte Carlo simjs (projects: 4, runs: 10.000)",
            "stats": {
                "moe": 0.0025067727285935817,
                "rme": 1.9828141021108021,
                "sem": 0.0012789656778538683,
                "deviation": 0.008088889182398792,
                "mean": 0.126425,
                "sample": [
                    0.133,
                    0.121,
                    0.123,
                    0.131,
                    0.117,
                    0.121,
                    0.131,
                    0.122,
                    0.123,
                    0.135,
                    0.122,
                    0.124,
                    0.13,
                    0.122,
                    0.124,
                    0.143,
                    0.12,
                    0.126,
                    0.124,
                    0.122,
                    0.116,
                    0.133,
                    0.124,
                    0.118,
                    0.125,
                    0.137,
                    0.127,
                    0.122,
                    0.122,
                    0.155,
                    0.126,
                    0.123,
                    0.132,
                    0.126,
                    0.122,
                    0.12,
                    0.147,
                    0.121,
                    0.12,
                    0.127
                ],
                "variance": 0.0000654301282051282
            },
            "times": {
                "cycle": 0.126425,
                "elapsed": 5.893,
                "period": 0.126425,
                "timeStamp": 1478641320989
            }
        },
        {
            "name": "threadsjs: Monte Carlo simjs (projects: 8, runs: 10.000)",
            "stats": {
                "moe": 0.0027479958323628996,
                "rme": 1.7405338729571274,
                "sem": 0.0014020386899810712,
                "deviation": 0.00817522015599155,
                "mean": 0.15788235294117645,
                "sample": [
                    0.154,
                    0.149,
                    0.165,
                    0.176,
                    0.153,
                    0.16,
                    0.157,
                    0.149,
                    0.169,
                    0.16,
                    0.156,
                    0.159,
                    0.16,
                    0.156,
                    0.164,
                    0.157,
                    0.16,
                    0.157,
                    0.153,
                    0.151,
                    0.166,
                    0.174,
                    0.149,
                    0.146,
                    0.165,
                    0.153,
                    0.173,
                    0.146,
                    0.149,
                    0.168,
                    0.147,
                    0.154,
                    0.162,
                    0.151
                ],
                "variance": 0.00006683422459893051
            },
            "times": {
                "cycle": 0.15788235294117645,
                "elapsed": 6.063,
                "period": 0.15788235294117645,
                "timeStamp": 1478641326888
            }
        },
        {
            "name": "threadsjs: Monte Carlo simjs (projects: 16, runs: 10.000)",
            "stats": {
                "moe": 0.003015317387969562,
                "rme": 1.628727433184855,
                "sem": 0.0014744828303029642,
                "deviation": 0.008076075068109954,
                "mean": 0.18513333333333334,
                "sample": [
                    0.182,
                    0.186,
                    0.181,
                    0.205,
                    0.187,
                    0.18,
                    0.188,
                    0.182,
                    0.2,
                    0.185,
                    0.188,
                    0.178,
                    0.179,
                    0.21,
                    0.181,
                    0.18,
                    0.198,
                    0.18,
                    0.18,
                    0.18,
                    0.19,
                    0.177,
                    0.182,
                    0.183,
                    0.182,
                    0.182,
                    0.18,
                    0.187,
                    0.181,
                    0.18
                ],
                "variance": 0.00006522298850574718
            },
            "times": {
                "cycle": 0.18513333333333334,
                "elapsed": 6.206,
                "period": 0.18513333333333334,
                "timeStamp": 1478641332957
            }
        },
        {
            "name": "threadsjs: Monte Carlo simjs (projects: 1, runs: 100.000)",
            "stats": {
                "moe": 0.005472404058712974,
                "rme": 0.865886718150787,
                "sem": 0.0024863262420322463,
                "deviation": 0.008612886750783288,
                "mean": 0.632,
                "sample": [
                    0.637,
                    0.618,
                    0.636,
                    0.618,
                    0.639,
                    0.638,
                    0.639,
                    0.634,
                    0.631,
                    0.62,
                    0.642,
                    0.632
                ],
                "variance": 0.0000741818181818183
            },
            "times": {
                "cycle": 0.632,
                "elapsed": 7.811,
                "period": 0.632,
                "timeStamp": 1478641339169
            }
        },
        {
            "name": "threadsjs: Monte Carlo simjs (projects: 4, runs: 100.000)",
            "stats": {
                "moe": 0.008034700168437795,
                "rme": 1.1169177537320327,