{
    "benchmarks": [
        {
            "name": "threadsjs: Mandelbrot 10000x10000, 1000",
            "stats": {
                "moe": 0.2571921678011207,
                "rme": 1.1897570814033303,
                "sem": 0.09264847543268037,
                "deviation": 0.20716828907919255,
                "mean": 21.6172,
                "sample": [
                    21.848,
                    21.591,
                    21.812,
                    21.415,
                    21.42
                ],
                "variance": 0.04291869999999989
            },
            "times": {
                "cycle": 21.6172,
                "elapsed": 108.189,
                "period": 21.6172,
                "timeStamp": 1479249108504
            }
        },
        {
            "name": "threadsjs: Knights Tour (5x5)",
            "stats": {
                "moe": 0.0028265670716005322,
                "rme": 2.127237683236525,
                "sem": 0.0014421260569390472,
                "deviation": 0.009120806026010123,
                "mean": 0.13287499999999997,
                "sample": [
                    0.133,
                    0.129,
                    0.129,
                    0.126,
                    0.131,
                    0.132,
                    0.132,
                    0.145,
                    0.131,
                    0.131,
                    0.127,
                    0.134,
                    0.126,
                    0.169,
                    0.135,
                    0.131,
                    0.13,
                    0.13,
                    0.131,
                    0.131,
                    0.131,
                    0.134,
                    0.128,
                    0.151,
                    0.132,
                    0.131,
                    0.13,
                    0.127,
                    0.127,
                    0.134,
                    0.128,
                    0.129,
                    0.129,
                    0.128,
                    0.131,
                    0.128,
                    0.13,
                    0.125,
                    0.135,
                    0.164
                ],
                "variance": 0.00008318910256410256
            },
            "times": {
                "cycle": 0.13287499999999997,
                "elapsed": 5.944,
                "period": 0.13287499999999997,
                "timeStamp": 1479249556833
            }
        },
        {
            "name": "threadsjs: Knights Tour (6x6)",
            "stats": {
                "moe": 4.017906161885577,
                "rme": 0.3765485345552337,
                "sem": 1.4473725367022974,
                "deviation": 3.2364233808326466,
                "mean": 1067.0354000000002,
                "sample": [
                    1062.741,
                    1067.102,
                    1071.371,
                    1065.457,
                    1068.506
                ],
                "variance": 10.474436300000217
            },
            "times": {
                "cycle": 1067.0354000000002,
                "elapsed": 5335.268,
                "period": 1067.0354000000002,
                "timeStamp": 1479265486333
            }
        },
        {
            "name": "threadsjs: Monte Carlo simjs (projects: 1, runs: 10,000)",
            "stats": {
                "moe": 0.0009523260640396873,
                "rme": 1.5286716869737003,
                "sem": 0.0004858806449182078,
                "deviation": 0.0031488664700900877,
                "mean": 0.062297619047619046,
                "sample": [
                    0.061,
                    0.0625,
                    0.062,
                    0.0695,
                    0.062,
                    0.0605,
                    0.0605,
                    0.062,
                    0.061,
                    0.06,
                    0.0595,
                    0.0625,
                    0.0625,
                    0.071,
                    0.0625,
                    0.0615,
                    0.06,
                    0.06,
                    0.06,
                    0.0615,
                    0.0625,
                    0.061,
                    0.0695,
                    0.0625,
                    0.061,
                    0.0605,
                    0.06,
                    0.0615,
                    0.063,
                    0.0615,
                    0.0625,
                    0.0605,
                    0.06,
                    0.0605,
                    0.0735,
                    0.0615,
                    0.061,
                    0.067,
                    0.062,
                    0.06,
                    0.06,
                    0.063
                ],
                "variance": 0.00000991536004645761
            },
            "times": {
                "cycle": 0.12459523809523809,
                "elapsed": 5.968,
                "period": 0.062297619047619046,
                "timeStamp": 1479276889103
            }
        },
        {
            "name": "threadsjs: Monte Carlo simjs (projects: 4, runs: 10,000)",
            "stats": {
                "moe": 0.0029018932104969337,
                "rme": 2.183516335964586,
                "sem": 0.0014805577604576194,
                "deviation": 0.009363869460968113,
                "mean": 0.13289999999999996,
                "sample": [
                    0.128,
                    0.128,
                    0.129,
                    0.131,
                    0.133,
                    0.129,
                    0.128,
                    0.136,
                    0.128,
                    0.174,
                    0.128,
                    0.129,
                    0.133,
                    0.134,
                    0.131,
                    0.132,
                    0.13,
                    0.128,
                    0.129,
                    0.132,
                    0.133,
                    0.13,
                    0.131,
                    0.153,
                    0.127,
                    0.13,
                    0.129,
                    0.132,
                    0.133,
                    0.128,
                    0.129,
                    0.143,
                    0.128,
                    0.128,
                    0.131,
                    0.13,
                    0.129,
                    0.132,
                    0.129,
                    0.161
                ],
                "variance": 0.00008768205128205127
            },
            "times": {
                "cycle": 0.13289999999999996,
                "elapsed": 5.936,
                "period": 0.13289999999999996,
                "timeStamp": 1479276919256
            }
        },
        {
            "name": "threadsjs: Monte Carlo simjs (projects: 8, runs: 10,000)",
            "stats": {
                "moe": 0.002599453336195675,
                "rme": 1.684830866052752,
                "sem": 0.0013262517021406504,
                "deviation": 0.007846210882335756,
                "mean": 0.1542857142857143,