{
	"benchmarks": [
		{
			"name": "threadsjs: Mandelbrot 10000x10000, 1000",
			"stats": {
				"moe": 27.008229100875376,
				"rme": 3.3334455375894847,
				"sem": 9.729189157375856,
				"deviation": 21.755128321846314,
				"mean": 810.2196,
				"sample": [
					816.85,
					832.605,
					827.222,
					787.489,
					786.932
				],
				"variance": 473.2856082999996
			},
			"times": {
				"cycle": 810.2196,
				"elapsed": 4051.275,
				"period": 810.2196,
				"timeStamp": 1479036720156
			}
		},
		{
			"name": "threadsjs: Knights Tour (5x5)",
			"stats": {
				"moe": 0.011870845811723539,
				"rme": 2.670406226392518,
				"sem": 0.005534193851619365,
				"deviation": 0.021433840622005283,
				"mean": 0.44453333333333334,
				"sample": [
					0.451,
					0.424,
					0.439,
					0.49,
					0.489,
					0.425,
					0.438,
					0.452,
					0.429,
					0.442,
					0.413,
					0.453,
					0.435,
					0.442,
					0.446
				],
				"variance": 0.0004594095238095239
			},
			"times": {
				"cycle": 0.44453333333333334,
				"elapsed": 7.089,
				"period": 0.44453333333333334,
				"timeStamp": 1479040771438
			}
		},
		{
			"name": "threadsjs: Knights Tour (6x6)",
			"stats": {
				"moe": 17.039230485360452,
				"rme": 0.7380923300496177,
				"sem": 6.138051327579414,
				"deviation": 13.7251000178504,
				"mean": 2308.55,
				"sample": [
					2310.503,
					2298.764,
					2328.794,
					2293.204,
					2311.485
				],
				"variance": 188.37837049999706
			},
			"times": {
				"cycle": 2308.55,
				"elapsed": 11544.907,
				"period": 2308.55,
				"timeStamp": 1479040778537
			}
		},
		{
			"name": "threadsjs: Monte Carlo simjs (projects: 1, runs: 10,000)",
			"stats": {
				"moe": 0.0011704699910719627,
				"rme": 1.2026217144585067,
				"sem": 0.0005971785668734504,
				"deviation": 0.004180249968114153,
				"mean": 0.09732653061224489,
				"sample": [
					0.105,
					0.094,
					0.101,
					0.106,
					0.096,
					0.094,
					0.096,
					0.099,
					0.094,
					0.094,
					0.098,
					0.098,
					0.095,
					0.091,
					0.105,
					0.093,
					0.089,
					0.096,
					0.096,
					0.094,
					0.096,
					0.098,
					0.098,
					0.098,
					0.098,
					0.107,
					0.096,
					0.096,
					0.099,
					0.094,
					0.096,
					0.097,
					0.094,
					0.096,
					0.094,
					0.098,
					0.108,
					0.097,
					0.099,
					0.098,
					0.097,
					0.096,
					0.095,
					0.098,
					0.097,
					0.092,
					0.096,
					0.109,
					0.098
				],
				"variance": 1.747448979591837e-05
			},
			"times": {
				"cycle": 0.09732653061224489,
				"elapsed": 6.017,
				"period": 0.09732653061224489,
				"timeStamp": 1479052323452
			}
		},
		{
			"name": "threadsjs: Monte Carlo simjs (projects: 4, runs: 10,000)",
			"stats": {
				"moe": 0.00468828536123108,
				"rme": 2.4869265680574593,
				"sem": 0.0022892018365386134,
				"deviation": 0.012327729166555413,
				"mean": 0.1885172413793104,
				"sample": [
					0.163,
					0.172,
					0.195,
					0.192,
					0.181,
					0.193,
					0.21,
					0.192,
					0.182,
					0.162,
					0.196,
					0.178,
					0.19,
					0.192,
					0.203,
					0.202,
					0.188,
					0.197,
					0.183,
					0.176,
					0.196,
					0.178,
					0.215,
					0.189,
					0.176,
					0.194,
					0.198,
					0.187,
					0.187
				],
				"variance": 0.00015197290640394103
			},
			"times": {
				"cycle": 0.1885172413793104,
				"elapsed": 6.315,
				"period": 0.1885172413793104,
				"timeStamp": 1479052329477
			}
		},
		{
			"name": "threadsjs: Monte Carlo simjs (projects: 8, runs: 10,000)",
			"stats": {
				"moe": 0.017894738375803697,
				"rme": 3.811445873440617,
				"sem": 0.008284601099909118,
				"deviation": 0.03099813890195047,
				"mean": 0.46950000000000003,
				"sample": [
					0.451,
					0.452,
					0.431,
					0.401,
					0.502,
					0.502,
					0.487,
					0.517,
					0.489,
					0.471,
					0.471,
					0.447,
					0.479,
					0.473
				],
				"variance": 0.0009608846153846152
			},
			"times": {
				"cycle": 0.46950000000000003,
				"elapsed": 7.048,
				"period": 0.46950000000000003,
				"timeStamp": 1479052335804
			}
		},
		{
			"name": "threadsjs: Monte Carlo simjs (projects: 16, runs: 10,000)",
			"stats": {
				"moe": 0.008402530977180913,
				"rme": 1.5027225574817975,
				"sem": 0.0038561408798443845,
				"deviation": 0.01390351366769175,
				"mean": 0.5591538461538461,
				"sample": [
					0.558,
					0.563,
					0.577,
					0.544,
					0.542,
					0.552,
					0.561,
					0.581,
					0.536,
					0.568,
					0.549,
					0.572,
					0.566
				],
				"variance": 0.0001933076923076913
			},
			"times": {
				"cycle": 0.5591538461538461,
				"elapsed": 7.697,
				"period": 0.5591538461538461,
				"timeStamp": 1479052342870
			}
		},
		{
			"name": "threadsjs: Monte Carlo simjs (projects: 1, runs: 100,000)",
			"stats": {
				"moe": 0.061710106573787504,
				"rme": 3.9845105132389023,
				"sem": 0.026093068318726216,
				"deviation": 0.0738023422005407,
				"mean": 1.54875,
				"sample": [
					1.46,
					1.614,
					1.469,
					1.572,
					1.634,
					1.459,
					1.601,
					1.581
				],
				"variance": 0.005446785714285711
			},
			"times": {
				"cycle": 1.54875,
				"elapsed": 12.608,
				"period": 1.54875,
				"timeStamp": 1479052350575
			}
		},
		{
			"name": "threadsjs: Monte Carlo simjs (projects: 4, runs: 100,000)",
			"stats": {
				"moe": 0.0602295103677263,
				"rme": 3.6677387783739377,
				"sem": 0.02461361273711741,
				"deviation": 0.06512149816926449,
				"mean": 1.6421428571428571,
				"sample": [
					1.554,
					1.608,
					1.693,
					1.612,
					1.742,
					1.604,
					1.682
				],
				"variance": 0.004240809523809519
			},
			"times": {
				"cycle": 1.6421428571428571,
				"elapsed": 11.851,
				"period": 1.6421428571428571,
				"timeStamp": 1479052363189
			}
		},
		{
			"name": "threadsjs: Monte Carlo simjs (projects: 8, runs: 100,000)",
			"stats": {
				"moe": 0.07799830028019845,
				"rme": 2.360961566346437,
				"sem": 0.0303377286192915,
				"deviation": 0.0743119550722942,
				"mean": 3.3036666666666665,
				"sample": [
					3.333,
					3.258,
					3.177,
					3.333,
					3.335,
					3.386
				],
				"variance": 0.005522266666666672
			},
			"times": {
				"cycle": 3.3036666666666665,
				"elapsed": 20.42,
				"period": 3.3036666666666665,
				"timeStamp": 1479052375051
			}
		},
		{
			"name": "threadsjs: Monte Carlo simjs (projects: 16, runs: 100,000)",
			"stats": {
				"moe": 0.0491442986683094,
				"rme": 1.5565128378898667,
				"sem": 0.019114857513928198,
				"deviation": 0.04682164741512908,
				"mean": 3.1573333333333338,
				"sample": [
					3.097,
					3.199,
					3.172,
					3.185,
					3.099,
					3.192
				],
				"variance": 0.0021922666666666637
			},
			"times": {
				"cycle": 3.1573333333333338,
				"elapsed": 19.143,
				"period": 3.1573333333333338,
				"timeStamp": 1479052395489
			}
		},
		{
			"name": "threadsjs: Monte Carlo simjs (projects: 1, runs: 1,000,000)",
			"stats": {
				"moe": 0.0604728737600588,
				"rme": 2.205161313725251,
				"sem": 0.023521148875946633,
				"deviation": 0.05761481291010735,
				"mean": 2.7423333333333333,
				"sample": [
					2.769,
					2.677,
					2.773,
					2.697,
					2.709,
					2.829
				],
				"variance": 0.0033194666666666725
			},
			"times": {
				"cycle": 2.7423333333333333,
				"elapsed": 16.607,
				"period": 2.7423333333333333,
				"timeStamp": 1479052414640
			}
		},
		{
			"name": "threadsjs: Monte Carlo simjs (projects: 4, runs: 1,000,000)",
			"stats": {
				"moe": 0.11581477323105228,
				"rme": 0.8439710640188616,
				"sem": 0.041720019175451116,
				"deviation": 0.09328879889890343,
				"mean": 13.7226,
				"sample": [
					13.664,
					13.636,
					13.666,
					13.811,
					13.836
				],
				"variance": 0.008702800000000045
			},
			"times": {
				"cycle": 13.7226,
				"elapsed": 68.843,
				"period": 13.7226,
				"timeStamp": 1479052431256
			}
		},
		{
			"name": "threadsjs: Monte Carlo simjs (projects: 8, runs: 1,000,000)",