{
    "benchmarks": [
        {
            "name": "threadsjs: Mandelbrot 10000x10000, 1000",
            "stats": {
                "moe": 0.11928856705921216,
                "rme": 0.46335014084091614,
                "sem": 0.04297138582824646,
                "deviation": 0.09608693979933018,
                "mean": 25.744799999999998,
                "sample": [
                    25.863,
                    25.654,
                    25.812,
                    25.751,
                    25.644
                ],
                "variance": 0.009232700000000102
            },
            "times": {
                "cycle": 25.744799999999998,
                "elapsed": 128.863,
                "period": 25.744799999999998,
                "timeStamp": 1479254546170
            }
        },
        {
            "name": "threadsjs: Knights Tour (5x5)",
            "stats": {
                "moe": 0.004423963095625772,
                "rme": 3.7973932151294174,
                "sem": 0.002257124028380496,
                "deviation": 0.014972067014867196,
                "mean": 0.11650000000000003,
                "sample": [
                    0.115,
                    0.115,
                    0.114,
                    0.113,
                    0.114,
                    0.114,
                    0.114,
                    0.115,
                    0.113,
                    0.113,
                    0.114,
                    0.115,
                    0.113,
                    0.116,
                    0.113,
                    0.114,
                    0.114,
                    0.113,
                    0.114,
                    0.131,
                    0.114,
                    0.114,
                    0.113,
                    0.114,
                    0.114,
                    0.114,
                    0.114,
                    0.114,
                    0.114,
                    0.114,
                    0.114,
                    0.114,
                    0.212,
                    0.113,
                    0.114,
                    0.114,
                    0.113,
                    0.114,
                    0.114,
                    0.113,
                    0.115,
                    0.113,
                    0.113,
                    0.114
                ],
                "variance": 0.0002241627906976743
            },
            "times": {
                "cycle": 0.11650000000000003,
                "elapsed": 5.881,
                "period": 0.11650000000000003,
                "timeStamp": 1479255131453
            }
        },
        {
            "name": "threadsjs: Knights Tour (6x6)",
            "stats": {
                "moe": 1.1859710748715686,
                "rme": 0.12107762478615074,
                "sem": 0.4272230096799599,
                "deviation": 0.9552996911964411,
                "mean": 979.5129999999999,
                "sample": [
                    979.437,
                    979.59,
                    980.079,
                    980.486,
                    977.973
                ],
                "variance": 0.9125975000000156
            },
            "times": {
                "cycle": 979.5129999999999,
                "elapsed": 4897.692,
                "period": 979.5129999999999,
                "timeStamp": 1479269796036
            }
        },
        {
            "name": "threadsjs: Monte Carlo simjs (projects: 1, runs: 10.000)",
            "stats": {
                "moe": 0.0020152757848869896,
                "rme": 2.3143626504885915,
                "sem": 0.0010282019310647907,
                "deviation": 0.007414469567970386,
                "mean": 0.08707692307692311,
                "sample": [
                    0.09,
                    0.079,
                    0.105,
                    0.077,
                    0.083,
                    0.091,
                    0.082,
                    0.091,
                    0.084,
                    0.09,
                    0.083,
                    0.09,
                    0.082,
                    0.089,
                    0.081,
                    0.089,
                    0.079,
                    0.087,
                    0.092,
                    0.085,
                    0.091,
                    0.082,
                    0.124,
                    0.091,
                    0.082,
                    0.085,
                    0.077,
                    0.086,
                    0.091,
                    0.081,
                    0.089,
                    0.081,
                    0.088,
                    0.079,
                    0.086,
                    0.091,
                    0.084,
                    0.093,
                    0.08,
                    0.088,
                    0.078,
                    0.086,
                    0.092,
                    0.084,
                    0.091,
                    0.084,
                    0.086,
                    0.091,
                    0.091,
                    0.086,
                    0.089,
                    0.092
                ],
                "variance": 0.000054974358974358965
            },
            "times": {
                "cycle": 0.08707692307692311,
                "elapsed": 5.806,
                "period": 0.08707692307692311,
                "timeStamp": 1479280775221
            }
        },
        {
            "name": "threadsjs: Monte Carlo simjs (projects: 4, runs: 10.000)",
            "stats": {
                "moe": 0.0029167326791171566,
                "rme": 2.635782252642326,
                "sem": 0.0014881289179169168,
                "deviation": 0.009871130520816004,
                "mean": 0.11065909090909094,
                "sample": [
                    0.109,
                    0.117,
                    0.111,
                    0.112,
                    0.099,
                    0.117,
                    0.114,
                    0.111,
                    0.114,
                    0.11,
                    0.11,
                    0.098,
                    0.101,
                    0.11,
                    0.114,
                    0.104,
                    0.102,
                    0.102,
                    0.153,
                    0.113,
                    0.113,
                    0.098,
                    0.117,
                    0.1,
                    0.102,
                    0.107,
                    0.109,
                    0.139,
                    0.114,
                    0.11,
                    0.109,
                    0.113,
                    0.1,
                    0.102,
                    0.107,
                    0.111,
                    0.116,
                    0.114,
                    0.11,
                    0.112,
                    0.099,
                    0.117,
                    0.116,
                    0.113
                ],
                "variance": 0.00009743921775898521
            },
            "times": {
                "cycle": 0.11065909090909094,
                "elapsed": 5.906,
                "period": 0.11065909090909094,
                "timeStamp": 1479280805334
            }
        },
        {
            "name": "threadsjs: Monte Carlo simjs (projects: 8, runs: 10.000)",
            "stats": {
                "moe": 0.0026768817634776655,
                "rme": 2.0623940888113186,
                "sem": 0.001365756001774319,
                "deviation": 0.008529143497381222,
                "mean": 0.12979487179487179,