{
    "benchmarks": [
        {
            "name": "threadsjs: Mandelbrot 10000x10000, 1000",
            "stats": {
                "moe": 0.4981606059633375,
                "rme": 1.8194058741411283,
                "sem": 0.17945266785422823,
                "deviation": 0.4012683640657457,
                "mean": 27.3804,
                "sample": [
                    28.09,
                    27.232,
                    27.099,
                    27.25,
                    27.231
                ],
                "variance": 0.16101629999999983
            },
            "times": {
                "cycle": 27.3804,
                "elapsed": 137.422,
                "period": 27.3804,
                "timeStamp": 1478804893567
            }
        },
        {
            "name": "threadsjs: Knights Tour (5x5)",
            "stats": {
                "moe": 0.002561322419911973,
                "rme": 1.8950594228320665,
                "sem": 0.0013067971530163127,
                "deviation": 0.00805563866909375,
                "mean": 0.13515789473684214,
                "sample": [
                    0.131,
                    0.152,
                    0.134,
                    0.129,
                    0.134,
                    0.135,
                    0.129,
                    0.145,
                    0.136,
                    0.135,
                    0.131,
                    0.134,
                    0.129,
                    0.159,
                    0.132,
                    0.134,
                    0.129,
                    0.131,
                    0.137,
                    0.153,
                    0.129,
                    0.135,
                    0.125,
                    0.133,
                    0.128,
                    0.13,
                    0.151,
                    0.132,
                    0.13,
                    0.131,
                    0.128,
                    0.131,
                    0.147,
                    0.143,
                    0.142,
                    0.131,
                    0.132,
                    0.129
                ],
                "variance": 0.00006489331436699853
            },
            "times": {
                "cycle": 0.13515789473684214,
                "elapsed": 6.136,
                "period": 0.13515789473684214,
                "timeStamp": 1478805031031
            }
        },
        {
            "name": "threadsjs: Knights Tour (6x6)",
            "stats": {
                "moe": 12.792485734494067,
                "rme": 1.3802387073305962,
                "sem": 4.608244140667892,
                "deviation": 10.304347155448509,
                "mean": 926.8314,
                "sample": [
                    919.807,
                    940.324,
                    916.039,
                    934.803,
                    923.184
                ],
                "variance": 106.17957029999977
            },
            "times": {
                "cycle": 926.8314,
                "elapsed": 4634.316,
                "period": 926.8314,
                "timeStamp": 1478805037177
            }
        },
        {
            "name": "threadsjs: Monte Carlo simjs (projects: 1, runs: 10,000)",
            "stats": {
                "moe": 0.011280899026240621,
                "rme": 21.710094351018213,
                "sem": 0.0057555607276737865,
                "deviation": 0.041503938645349334,
                "mean": 0.051961538461538476,
                "sample": [
                    0.345,
                    0.0465,
                    0.043,
                    0.0555,
                    0.0455,
                    0.0455,
                    0.043,
                    0.047,
                    0.0465,
                    0.0435,
                    0.045,
                    0.047,
                    0.044,
                    0.0435,
                    0.0475,
                    0.044,
                    0.046,
                    0.044,
                    0.045,
                    0.047,
                    0.052,
                    0.048,
                    0.045,
                    0.044,
                    0.047,
                    0.047,
                    0.0445,
                    0.0475,
                    0.045,
                    0.0525,
                    0.0485,
                    0.0455,
                    0.044,
                    0.0465,
                    0.046,
                    0.047,
                    0.0455,
                    0.047,
                    0.047,
                    0.0455,
                    0.0445,
                    0.0445,
                    0.0435,
                    0.0465,
                    0.0465,
                    0.0455,
                    0.0515,
                    0.0445,
                    0.045,
                    0.0465,
                    0.0475,
                    0.047
                ],
                "variance": 0.0017225769230769222
            },
            "times": {
                "cycle": 0.10392307692307695,
                "elapsed": 6.443,
                "period": 0.051961538461538476,
                "timeStamp": 1478809671501
            }
        },
        {
            "name": "threadsjs: Monte Carlo simjs (projects: 4, runs: 10,000)",
            "stats": {
                "moe": 0.0024059677934670023,
                "rme": 1.9456544286419544,
                "sem": 0.0012275345885035727,
                "deviation": 0.007860056475934385,
                "mean": 0.12365853658536587,
                "sample": [
                    0.126,
                    0.127,
                    0.144,
                    0.121,
                    0.114,
                    0.124,
                    0.118,
                    0.121,
                    0.118,
                    0.141,
                    0.122,
                    0.124,
                    0.119,
                    0.123,
                    0.113,
                    0.125,
                    0.135,
                    0.119,
                    0.122,
                    0.121,
                    0.114,
                    0.121,
                    0.125,
                    0.132,
                    0.124,
                    0.122,
                    0.113,
                    0.128,
                    0.125,
                    0.127,
                    0.139,
                    0.117,
                    0.14,
                    0.119,
                    0.118,
                    0.119,
                    0.115,
                    0.136,
                    0.125,
                    0.119,
                    0.115
                ],
                "variance": 0.00006178048780487806
            },
            "times": {
                "cycle": 0.12365853658536587,
                "elapsed": 6.075,
                "period": 0.12365853658536587,
                "timeStamp": 1478809677956
            }
        },
        {
            "name": "threadsjs: Monte Carlo simjs (projects: 8, runs: 10,000)",
            "stats": {
                "moe": 0.0034450779704126027,
                "rme": 2.3718264856541156,
                "sem": 0.0017576928420472463,
                "deviation": 0.010546157052283478,
                "mean": 0.14525,