{
    "benchmarks": [
        {
            "name": "threadsjs: Mandelbrot 10000x10000, 1000",
            "stats": {
                "moe": 0.2571921678011207,
                "rme": 1.1897570814033303,
                "sem": 0.09264847543268037,
                "deviation": 0.20716828907919255,
                "mean": 21.6172,
                "sample": [
                    21.848,
                    21.591,
                    21.812,
                    21.415,
                    21.42
                ],
                "variance": 0.04291869999999989
            },
            "times": {
                "cycle": 21.6172,
                "elapsed": 108.189,
                "period": 21.6172,
                "timeStamp": 1479249108504
            }
        },
        {
            "name": "threadsjs: Knights Tour (5x5)",
            "stats": {
                "moe": 0.0028265670716005322,
                "rme": 2.127237683236525,
                "sem": 0.0014421260569390472,
                "deviation": 0.009120806026010123,
                "mean": 0.13287499999999997,
                "sample": [
                    0.133,
                    0.129,
                    0.129,
                    0.126,
                    0.131,
                    0.132,
                    0.132,
                    0.145,
                    0.131,
                    0.131,
                    0.127,
                    0.134,
                    0.126,
                    0.169,
                    0.135,
                    0.131,
                    0.13,
                    0.13,
                    0.131,
                    0.131,
                    0.131,
                    0.134,
                    0.128,
                    0.151,
                    0.132,
                    0.131,
                    0.13,
                    0.127,
                    0.127,
                    0.134,
                    0.128,
                    0.129,
                    0.129,
                    0.128,
                    0.131,
                    0.128,
                    0.13,
                    0.125,
                    0.135,
                    0.164
                ],
                "variance": 0.00008318910256410256
            },
            "times": {
                "cycle": 0.13287499999999997,
                "elapsed": 5.944,
                "period": 0.13287499999999997,
                "timeStamp": 1479249556833
            }
        },
        {
            "name": "threadsjs: Knights Tour (6x6)",
            "stats": {
                "moe": 4.017906161885577,
                "rme": 0.3765485345552337,
                "sem": 1.4473725367022974,
                "deviation": 3.2364233808326466,
                "mean": 1067.0354000000002,
                "sample": [
                    1062.741,
                    1067.102,
                    1071.371,
                    1065.457,
                    1068.506
                ],
                "variance": 10.474436300000217
            },
            "times": {
                "cycle": 1067.0354000000002,
                "elapsed": 5335.268,
                "period": 1067.0354000000002,
                "timeStamp": 1479265486333
            }
        },
        {
            "name": "threadsjs: Monte Carlo simjs (projects: 1, runs: 10,000)",
            "stats": {
                "moe": 0.0009718333129206469,
                "rme": 1.5075734328318775,
                "sem": 0.0004958333229186974,
                "deviation": 0.0031748823677075796,
                "mean": 0.06446341463414634,
                "sample": [
                    0.0655,
                    0.067,
                    0.0625,
                    0.0625,
                    0.068,
                    0.063,
                    0.064,
                    0.063,
                    0.0615,
                    0.063,
                    0.0635,
                    0.0615,
                    0.0685,
                    0.064,
                    0.064,
                    0.0715,
                    0.0615,
                    0.063,
                    0.0615,
                    0.0645,
                    0.0635,
                    0.074,
                    0.0625,
                    0.066,
                    0.07,
                    0.063,
                    0.0665,
                    0.0645,
                    0.0625,
                    0.063,
                    0.0625,
                    0.064,
                    0.0685,
                    0.061,
                    0.0615,
                    0.0645,
                    0.0625,
                    0.062,
                    0.0625,
                    0.0625,
                    0.0725
                ],
                "variance": 0.000010079878048780486
            },
            "times": {
                "cycle": 0.1289268292682927,
                "elapsed": 6.088,
                "period": 0.06446341463414634,
                "timeStamp": 1479553635814
            }
        },
        {
            "name": "threadsjs: Monte Carlo simjs (projects: 4, runs: 10,000)",
            "stats": {
                "moe": 0.0026369493126666035,
                "rme": 2.081134202489524,
                "sem": 0.0013453823023809202,
                "deviation": 0.00861465002898848,
                "mean": 0.1267073170731707,
                "sample": [
                    0.128,
                    0.128,
                    0.124,
                    0.122,
                    0.122,
                    0.122,
                    0.126,
                    0.122,
                    0.124,
                    0.124,
                    0.126,
                    0.127,
                    0.137,
                    0.13,
                    0.142,
                    0.124,
                    0.135,
                    0.123,
                    0.122,
                    0.12,
                    0.122,
                    0.122,
                    0.163,
                    0.125,
                    0.123,
                    0.122,
                    0.122,
                    0.126,
                    0.146,
                    0.121,
                    0.125,
                    0.124,
                    0.122,
                    0.121,
                    0.121,
                    0.145,
                    0.121,
                    0.122,
                    0.122,
                    0.124,
                    0.128
                ],
                "variance": 0.00007421219512195122
            },
            "times": {
                "cycle": 0.1267073170731707,
                "elapsed": 5.848,
                "period": 0.1267073170731707,
                "timeStamp": 1479553641908
            }
        },
        {
            "name": "threadsjs: Monte Carlo simjs (projects: 8, runs: 10,000)",
            "stats": {
                "moe": 0.0034134176538125442,
                "rme": 2.4186065792443907,
                "sem": 0.0017415396192921144,
                "deviation": 0.01073557121588957,
                "mean": 0.1411315789473684,