{
	"benchmarks": [
		{
			"name": "threadsjs: Mandelbrot 10000x10000, 1000",
			"stats": {
				"moe": 0.40557768512658493,
				"rme": 1.3494606023882538,
				"sem": 0.1461014715873865,
				"deviation": 0.3266928220821504,
				"mean": 30.0548,
				"sample": [
					30.31,
					30.147,
					30.395,
					29.735,
					29.687
				],
				"variance": 0.10672819999999958
			},
			"times": {
				"cycle": 30.0548,
				"elapsed": 150.37,
				"period": 30.0548,
				"timeStamp": 1479753630135
			}
		},
		{
			"name": "threadsjs: Knights Tour (5x5)",
			"stats": {
				"moe": 0.0019708848396804025,
				"rme": 1.4860583145563822,
				"sem": 0.0010055534896328585,
				"deviation": 0.00635967867274069,
				"mean": 0.13262500000000005,
				"sample": [
					0.133,
					0.127,
					0.144,
					0.133,
					0.132,
					0.134,
					0.129,
					0.13,
					0.134,
					0.141,
					0.124,
					0.138,
					0.127,
					0.131,
					0.129,
					0.124,
					0.149,
					0.142,
					0.13,
					0.129,
					0.127,
					0.13,
					0.124,
					0.135,
					0.138,
					0.128,
					0.133,
					0.128,
					0.132,
					0.139,
					0.137,
					0.148,
					0.135,
					0.121,
					0.125,
					0.134,
					0.131,
					0.136,
					0.129,
					0.135
				],
				"variance": 4.044551282051279e-05
			},
			"times": {
				"cycle": 0.13262500000000005,
				"elapsed": 5.96,
				"period": 0.13262500000000005,
				"timeStamp": 1480533992867
			}
		},
		{
			"name": "threadsjs: Knights Tour (6x6)",
			"stats": {
				"moe": 7.7041465527691875,
				"rme": 0.6579236577783635,
				"sem": 2.77526893111282,
				"deviation": 6.205689985811446,
				"mean": 1170.9788,
				"sample": [
					1178.971,
					1173.99,
					1166.925,
					1163.003,
					1172.005
				],
				"variance": 38.51058820000046
			},
			"times": {
				"cycle": 1170.9788,
				"elapsed": 5959.14,
				"period": 1170.9788,
				"timeStamp": 1480552006492
			}
		},
		{
			"name": "threadsjs: Monte Carlo simjs (projects: 1, runs: 10,000)",
			"stats": {
				"moe": 0.0007474499584876655,
				"rme": 1.7576174766417878,
				"sem": 0.000381352019636564,
				"deviation": 0.0028791446098121783,
				"mean": 0.04252631578947368,
				"sample": [
					0.044,
					0.0415,
					0.042,
					0.041,
					0.042,
					0.0415,
					0.042,
					0.042,
					0.058,
					0.044,
					0.0415,
					0.045,
					0.05,
					0.043,
					0.0415,
					0.0405,
					0.0415,
					0.046,
					0.042,
					0.041,
					0.0425,
					0.043,
					0.041,
					0.0415,
					0.0415,
					0.041,
					0.041,
					0.04,
					0.042,
					0.045,
					0.042,
					0.05,
					0.042,
					0.0415,
					0.041,
					0.0415,
					0.041,
					0.0415,
					0.043,
					0.0425,
					0.0415,
					0.042,
					0.041,
					0.0415,
					0.0405,
					0.0395,
					0.0415,
					0.041,
					0.0425,
					0.041,
					0.044,
					0.046,
					0.042,
					0.041,
					0.0415,
					0.042,
					0.041
				],
				"variance": 8.289473684210521e-06
			},
			"times": {
				"cycle": 0.08505263157894737,
				"elapsed": 5.925,
				"period": 0.04252631578947368,
				"timeStamp": 1479785078562
			}
		},
		{
			"name": "threadsjs: Monte Carlo simjs (projects: 4, runs: 10,000)",
			"stats": {
				"moe": 0.00375952770205703,
				"rme": 2.961395500179408,
				"sem": 0.0019181263786005255,
				"deviation": 0.012282001505276322,
				"mean": 0.12695121951219515,
				"sample": [
					0.117,
					0.139,
					0.126,
					0.134,
					0.127,
					0.14,
					0.125,
					0.123,
					0.119,
					0.119,
					0.116,
					0.122,
					0.124,
					0.18,
					0.117,
					0.126,
					0.119,
					0.132,
					0.155,
					0.129,
					0.125,
					0.118,
					0.121,
					0.12,
					0.116,
					0.119,
					0.124,
					0.121,
					0.121,
					0.121,
					0.122,
					0.122,
					0.126,
					0.15,
					0.12,
					0.138,
					0.137,
					0.125,
					0.12,
					0.118,
					0.132
				],
				"variance": 0.0001508475609756098
			},
			"times": {
				"cycle": 0.12695121951219515,
				"elapsed": 5.928,
				"period": 0.12695121951219515,
				"timeStamp": 1479785115228
			}
		},
		{
			"name": "threadsjs: Monte Carlo simjs (projects: 8, runs: 10,000)",
			"stats": {
				"moe": 0.004200274514397999,
				"rme": 1.7211300724868022,
				"sem": 0.0020300988469782503,
				"deviation": 0.00994541260501836,
				"mean": 0.2440416666666666,
				"sample": [
					0.227,
					0.244,
					0.239,
					0.236,
					0.233,
					0.268,
					0.244,
					0.242,
					0.237,
					0.237,
					0.249,
					0.236,
					0.251,
					0.266,
					0.243,
					0.242,
					0.241,
					0.252,
					0.242,
					0.234,
					0.257,
					0.254,
					0.239,
					0.244
				],
				"variance": 9.891123188405809e-05
			},
			"times": {
				"cycle": 0.2440416666666666,
				"elapsed": 6.293,
				"period": 0.2440416666666666,
				"timeStamp": 1479785152465
			}
		},
		{
			"name": "threadsjs: Monte Carlo simjs (projects: 16, runs: 10,000)",
			"stats": {
				"moe": 0.0067100383539225065,
				"rme": 2.3210476928409265,
				"sem": 0.003216701032561125,
				"deviation": 0.014740775969753964,
				"mean": 0.28909523809523807,
				"sample": [
					0.312,
					0.269,
					0.313,
					0.282,
					0.269,
					0.265,
					0.291,
					0.302,
					0.286,
					0.304,
					0.28,
					0.278,
					0.292,
					0.271,
					0.281,
					0.297,
					0.309,
					0.286,
					0.307,
					0.286,
					0.291
				],
				"variance": 0.00021729047619047591
			},
			"times": {
				"cycle": 0.28909523809523807,
				"elapsed": 6.409,
				"period": 0.28909523809523807,
				"timeStamp": 1479785191130
			}
		},
		{
			"name": "threadsjs: Monte Carlo simjs (projects: 1, runs: 100,000)",
			"stats": {
				"moe": 0.001815557003885271,
				"rme": 0.8734860852619801,
				"sem": 0.0008830530174539255,
				"deviation": 0.004588478076021617,
				"mean": 0.20785185185185182,
				"sample": [
					0.206,
					0.207,
					0.203,
					0.211,
					0.218,
					0.202,
					0.209,
					0.205,
					0.208,
					0.217,
					0.202,
					0.206,
					0.209,
					0.216,
					0.208,
					0.203,
					0.206,
					0.203,
					0.207,
					0.204,
					0.209,
					0.214,
					0.208,
					0.214,
					0.204,
					0.209,
					0.204
				],
				"variance": 2.105413105413104e-05
			},
			"times": {
				"cycle": 0.20785185185185182,
				"elapsed": 6.087,
				"period": 0.20785185185185182,
				"timeStamp": 1479785237009
			}
		},
		{
			"name": "threadsjs: Monte Carlo simjs (projects: 4, runs: 100,000)",
			"stats": {
				"moe": 0.026739197418236556,
				"rme": 5.562939823488881,
				"sem": 0.012465826302208185,
				"deviation": 0.04827993766516669,
				"mean": 0.48066666666666674,
				"sample": [
					0.513,
					0.629,
					0.531,
					0.468,
					0.483,
					0.452,
					0.447,
					0.446,
					0.488,
					0.442,
					0.46,
					0.472,
					0.475,
					0.451,
					0.453
				],
				"variance": 0.002330952380952381
			},
			"times": {
				"cycle": 0.48066666666666674,
				"elapsed": 7.539,
				"period": 0.48066666666666674,
				"timeStamp": 1479785287507
			}
		},
		{
			"name": "threadsjs: Monte Carlo simjs (projects: 8, runs: 100,000)",
			"stats": {
				"moe": 0.010917388854483453,
				"rme": 1.1571159358223055,
				"sem": 0.004826431854325134,
				"deviation": 0.01526251763125742,
				"mean": 0.9435,
				"sample": [
					0.933,
					0.951,
					0.967,
					0.926,
					0.939,
					0.944,
					0.949,
					0.964,
					0.919,
					0.943
				],
				"variance": 0.0002329444444444436
			},
			"times": {
				"cycle": 0.9435,
				"elapsed": 9.61,
				"period": 0.9435,
				"timeStamp": 1479785346969
			}
		},
		{
			"name": "threadsjs: Monte Carlo simjs (projects: 16, runs: 100,000)",
			"stats": {
				"moe": 0.030525143887387,
				"rme": 2.5301740190318935,
				"sem": 0.013237269682301387,
				"deviation": 0.03971180904690416,
				"mean": 1.2064444444444442,
				"sample": [
					1.137,
					1.168,
					1.207,
					1.195,
					1.218,
					1.245,
					1.193,
					1.27,
					1.225
				],
				"variance": 0.0015770277777777794
			},
			"times": {
				"cycle": 1.2064444444444442,
				"elapsed": 11.005,