{
    "benchmarks": [
        {
            "name": "threadsjs: Mandelbrot 10000x10000, 1000",
            "stats": {
                "moe": 0.33420849562774463,
                "rme": 1.2323049476329602,
                "sem": 0.12039210937598871,
                "deviation": 0.26920494051930055,
                "mean": 27.120600000000003,
                "sample": [
                    27.504,
                    27.062,
                    27.041,
                    26.771,
                    27.225
                ],
                "variance": 0.07247130000000014
            },
            "times": {
                "cycle": 27.120600000000003,
                "elapsed": 136.115,
                "period": 27.120600000000003,
                "timeStamp": 1479390747225
            }
        },
        {
            "name": "threadsjs: Knights Tour (5x5)",
            "stats": {
                "moe": 0.001373970714476399,
                "rme": 1.3181592892506788,
                "sem": 0.0007010054665695913,
                "deviation": 0.004805851351794099,
                "mean": 0.10423404255319149,
                "sample": [
                    0.101,
                    0.104,
                    0.099,
                    0.108,
                    0.103,
                    0.106,
                    0.099,
                    0.116,
                    0.1,
                    0.107,
                    0.114,
                    0.106,
                    0.107,
                    0.109,
                    0.115,
                    0.107,
                    0.105,
                    0.105,
                    0.108,
                    0.107,
                    0.109,
                    0.099,
                    0.108,
                    0.103,
                    0.109,
                    0.106,
                    0.101,
                    0.101,
                    0.102,
                    0.105,
                    0.099,
                    0.106,
                    0.102,
                    0.102,
                    0.108,
                    0.108,
                    0.104,
                    0.097,
                    0.104,
                    0.104,
                    0.103,
                    0.093,
                    0.102,
                    0.104,
                    0.103,
                    0.093,
                    0.098
                ],
                "variance": 0.000023096207215541164
            },
            "times": {
                "cycle": 0.10423404255319149,
                "elapsed": 6.015,
                "period": 0.10423404255319149,
                "timeStamp": 1480524547560
            }
        },
        {
            "name": "threadsjs: Knights Tour (6x6)",
            "stats": {
                "moe": 11.046313412512715,
                "rme": 1.5541040227603395,
                "sem": 3.9792195290031396,
                "deviation": 8.897805364245716,
                "mean": 710.7834,
                "sample": [
                    708.521,
                    705.079,
                    706.356,
                    707.425,
                    726.536
                ],
                "variance": 79.17094029999984
            },
            "times": {
                "cycle": 710.7834,
                "elapsed": 3554.124,
                "period": 710.7834,
                "timeStamp": 1480535193342
            }
        },
        {
            "name": "threadsjs: Monte Carlo simjs (projects: 1, runs: 10,000)",
            "stats": {
                "moe": 0.0006207865100222794,
                "rme": 1.0034940554007343,
                "sem": 0.00031672781123585686,
                "deviation": 0.0020031625636503553,
                "mean": 0.06186250000000002,
                "sample": [
                    0.064,
                    0.0605,
                    0.0625,
                    0.0595,
                    0.061,
                    0.0625,
                    0.0615,
                    0.0595,
                    0.061,
                    0.0645,
                    0.064,
                    0.061,
                    0.062,
                    0.063,
                    0.0615,
                    0.0595,
                    0.0595,
                    0.0625,
                    0.0685,
                    0.066,
                    0.0635,
                    0.062,
                    0.062,
                    0.0615,
                    0.063,
                    0.0645,
                    0.0595,
                    0.0625,
                    0.062,
                    0.064,
                    0.062,
                    0.06,
                    0.0605,
                    0.063,
                    0.059,
                    0.06,
                    0.0605,
                    0.0595,
                    0.061,
                    0.0605
                ],
                "variance": 0.000004012660256410264
            },
            "times": {
                "cycle": 0.12372500000000004,
                "elapsed": 6.126,
                "period": 0.06186250000000002,
                "timeStamp": 1479554812988
            }
        },
        {
            "name": "threadsjs: Monte Carlo simjs (projects: 4, runs: 10,000)",
            "stats": {
                "moe": 0.002203818563349216,
                "rme": 1.9033596475563865,
                "sem": 0.0011243972261985797,
                "deviation": 0.007286926865002044,
                "mean": 0.11578571428571427,
                "sample": [
                    0.103,
                    0.121,
                    0.116,
                    0.116,
                    0.11,
                    0.119,
                    0.113,
                    0.11,
                    0.125,
                    0.119,
                    0.123,
                    0.115,
                    0.116,
                    0.108,
                    0.123,
                    0.109,
                    0.111,
                    0.119,
                    0.108,
                    0.126,
                    0.122,
                    0.114,
                    0.129,
                    0.11,
                    0.117,
                    0.131,
                    0.109,
                    0.117,
                    0.111,
                    0.107,
                    0.104,
                    0.109,
                    0.134,
                    0.122,
                    0.111,
                    0.114,
                    0.11,
                    0.125,
                    0.115,
                    0.116,
                    0.118,
                    0.108
                ],
                "variance": 0.000053099303135888516
            },
            "times": {
                "cycle": 0.11578571428571427,
                "elapsed": 5.939,
                "period": 0.11578571428571427,
                "timeStamp": 1479554819129
            }
        },
        {
            "name": "threadsjs: Monte Carlo simjs (projects: 8, runs: 10,000)",
            "stats": {
                "moe": 0.0024430925704304173,
                "rme": 1.9611419389367188,
                "sem": 0.001246475801240009,
                "deviation": 0.007883405160403523,
                "mean": 0.12457499999999999,