{
    "benchmarks": [
        {
            "name": "threadsjs: Mandelbrot 10000x10000, 1000",
            "stats": {
                "moe": 0.11928856705921216,
                "rme": 0.46335014084091614,
                "sem": 0.04297138582824646,
                "deviation": 0.09608693979933018,
                "mean": 25.744799999999998,
                "sample": [
                    25.863,
                    25.654,
                    25.812,
                    25.751,
                    25.644
                ],
                "variance": 0.009232700000000102
            },
            "times": {
                "cycle": 25.744799999999998,
                "elapsed": 128.863,
                "period": 25.744799999999998,
                "timeStamp": 1479254546170
            }
        },
        {
            "name": "threadsjs: Knights Tour (5x5)",
            "stats": {
                "moe": 0.004423963095625772,
                "rme": 3.7973932151294174,
                "sem": 0.002257124028380496,
                "deviation": 0.014972067014867196,
                "mean": 0.11650000000000003,
                "sample": [
                    0.115,
                    0.115,
                    0.114,
                    0.113,
                    0.114,
                    0.114,
                    0.114,
                    0.115,
                    0.113,
                    0.113,
                    0.114,
                    0.115,
                    0.113,
                    0.116,
                    0.113,
                    0.114,
                    0.114,
                    0.113,
                    0.114,
                    0.131,
                    0.114,
                    0.114,
                    0.113,
                    0.114,
                    0.114,
                    0.114,
                    0.114,
                    0.114,
                    0.114,
                    0.114,
                    0.114,
                    0.114,
                    0.212,
                    0.113,
                    0.114,
                    0.114,
                    0.113,
                    0.114,
                    0.114,
                    0.113,
                    0.115,
                    0.113,
                    0.113,
                    0.114
                ],
                "variance": 0.0002241627906976743
            },
            "times": {
                "cycle": 0.11650000000000003,
                "elapsed": 5.881,
                "period": 0.11650000000000003,
                "timeStamp": 1479255131453
            }
        },
        {
            "name": "threadsjs: Knights Tour (6x6)",
            "stats": {
                "moe": 1.1859710748715686,
                "rme": 0.12107762478615074,
                "sem": 0.4272230096799599,
                "deviation": 0.9552996911964411,
                "mean": 979.5129999999999,
                "sample": [
                    979.437,
                    979.59,
                    980.079,
                    980.486,
                    977.973
                ],
                "variance": 0.9125975000000156
            },
            "times": {
                "cycle": 979.5129999999999,
                "elapsed": 4897.692,
                "period": 979.5129999999999,
                "timeStamp": 1479269796036
            }
        },
        {
            "name": "threadsjs: Monte Carlo simjs (projects: 1, runs: 10.000)",
            "stats": {
                "moe": 0.006319321482564406,
                "rme": 6.256753943133074,
                "sem": 0.0032241436135532686,
                "deviation": 0.02279813812662816,
                "mean": 0.10100000000000002,
                "sample": [
                    0.242,
                    0.097,
                    0.096,
                    0.095,
                    0.094,
                    0.096,
                    0.097,
                    0.095,
                    0.095,
                    0.094,
                    0.096,
                    0.095,
                    0.094,
                    0.095,
                    0.096,
                    0.096,
                    0.13,
                    0.119,
                    0.105,
                    0.097,
                    0.101,
                    0.099,
                    0.102,
                    0.097,
                    0.096,
                    0.098,
                    0.096,
                    0.095,
                    0.094,
                    0.095,
                    0.095,
                    0.096,
                    0.095,
                    0.096,
                    0.096,
                    0.095,
                    0.094,
                    0.094,
                    0.093,
                    0.095,
                    0.095,
                    0.094,
                    0.095,
                    0.094,
                    0.094,
                    0.092,
                    0.155,
                    0.095,
                    0.095,
                    0.095
                ],
                "variance": 0.0005197551020408166
            },
            "times": {
                "cycle": 0.10100000000000002,
                "elapsed": 6.041,
                "period": 0.10100000000000002,
                "timeStamp": 1479554077100
            }
        },
        {
            "name": "threadsjs: Monte Carlo simjs (projects: 4, runs: 10.000)",
            "stats": {
                "moe": 0.0017742630915802665,
                "rme": 1.4076003629023008,
                "sem": 0.0009052362712144217,
                "deviation": 0.005796340308816399,
                "mean": 0.1260487804878049,
                "sample": [
                    0.128,
                    0.126,
                    0.123,
                    0.125,
                    0.123,
                    0.123,
                    0.123,
                    0.125,
                    0.125,
                    0.121,
                    0.146,
                    0.126,
                    0.123,
                    0.125,
                    0.134,
                    0.125,
                    0.123,
                    0.12,
                    0.125,
                    0.136,
                    0.138,
                    0.124,
                    0.125,
                    0.119,
                    0.123,
                    0.132,
                    0.126,
                    0.125,
                    0.133,
                    0.112,
                    0.122,
                    0.122,
                    0.131,
                    0.123,
                    0.126,
                    0.125,
                    0.132,
                    0.123,
                    0.124,
                    0.125,
                    0.133
                ],
                "variance": 0.000033597560975609786
            },
            "times": {
                "cycle": 0.1260487804878049,
                "elapsed": 5.93,
                "period": 0.1260487804878049,
                "timeStamp": 1479554083148
            }
        },
        {
            "name": "threadsjs: Monte Carlo simjs (projects: 8, runs: 10.000)",
            "stats": {
                "moe": 0.0014176251158459275,
                "rme": 0.9966203550503385,
                "sem": 0.0007232781203295549,
                "deviation": 0.004399529049325143,
                "mean": 0.14224324324324325,