{
    "benchmarks": [
        {
            "name": "hamstersjs: Mandelbrot 10000x10000, 1000",
            "stats": {
                "moe": 11.214799344328856,
                "rme": 17.404339359386025,
                "sem": 4.039913308475813,
                "deviation": 9.033520780957996,
                "mean": 64.4368,
                "sample": [
                    68.5,
                    68.468,
                    68.661,
                    48.279,
                    68.276
                ],
                "variance": 81.60449769999998
            },
            "times": {
                "cycle": 64.4368,
                "elapsed": 322.3,
                "period": 64.4368,
                "timeStamp": 1479249216699
            }
        },
        {
            "name": "hamstersjs: Knights Tour (5x5)",
            "stats": {
                "moe": 0.0071015226037709316,
                "rme": 5.9421185437273785,
                "sem": 0.0036232258182504755,
                "deviation": 0.023759080562841307,
                "mean": 0.11951162790697677,
                "sample": [
                    0.149,
                    0.119,
                    0.115,
                    0.11,
                    0.11,
                    0.115,
                    0.112,
                    0.117,
                    0.109,
                    0.114,
                    0.112,
                    0.114,
                    0.215,
                    0.118,
                    0.113,
                    0.115,
                    0.112,
                    0.109,
                    0.111,
                    0.107,
                    0.117,
                    0.112,
                    0.11,
                    0.111,
                    0.115,
                    0.11,
                    0.114,
                    0.158,
                    0.109,
                    0.113,
                    0.109,
                    0.11,
                    0.114,
                    0.22,
                    0.112,
                    0.109,
                    0.109,
                    0.115,
                    0.118,
                    0.113,
                    0.117,
                    0.112,
                    0.116
                ],
                "variance": 0.0005644939091915836
            },
            "times": {
                "cycle": 0.11951162790697677,
                "elapsed": 5.883,
                "period": 0.11951162790697677,
                "timeStamp": 1479249562783
            }
        },
        {
            "name": "hamstersjs: Knights Tour (6x6)",
            "stats": {
                "moe": 10.330442773294381,
                "rme": 0.8538906710775889,
                "sem": 3.7213410566622414,
                "deviation": 8.321171570157668,
                "mean": 1209.8085999999998,
                "sample": [
                    1195.283,
                    1212.692,
                    1213.819,
                    1211.129,
                    1216.12
                ],
                "variance": 69.24189630000023
            },
            "times": {
                "cycle": 1209.8085999999998,
                "elapsed": 6049.136,
                "period": 1209.8085999999998,
                "timeStamp": 1479270821607
            }
        },
        {
            "name": "hamstersjs: Monte Carlo Math.random (projects: 1, runs: 10,000)",
            "stats": {
                "moe": 0.0010482342337381017,
                "rme": 3.7834641483955536,
                "sem": 0.000534813384560256,
                "deviation": 0.0036664958402165717,
                "mean": 0.027705673758865252,
                "sample": [
                    0.045,
                    0.032,
                    0.03,
                    0.03,
                    0.025666666666666667,
                    0.031,
                    0.024999999999999998,
                    0.027333333333333334,
                    0.028333333333333335,
                    0.02666666666666667,
                    0.026333333333333334,
                    0.026333333333333334,
                    0.0285,
                    0.026,
                    0.025,
                    0.026,
                    0.02675,
                    0.026,
                    0.02575,
                    0.02675,
                    0.02625,
                    0.02775,
                    0.02775,
                    0.04075,
                    0.02675,
                    0.0265,
                    0.02575,
                    0.0265,
                    0.02625,
                    0.027,
                    0.027,
                    0.02525,
                    0.027,
                    0.0265,
                    0.02625,
                    0.0285,
                    0.0265,
                    0.026,
                    0.02525,
                    0.0275,
                    0.03225,
                    0.02725,
                    0.02725,
                    0.02525,
                    0.0275,
                    0.02525,
                    0.026
                ],
                "variance": 0.000013443191746325423
            },
            "times": {
                "cycle": 0.11082269503546101,
                "elapsed": 5.934,
                "period": 0.027705673758865252,
                "timeStamp": 1479276895077
            }
        },
        {
            "name": "hamstersjs: Monte Carlo Math.random (projects: 4, runs: 10,000)",
            "stats": {
                "moe": 0.0019444766505667122,
                "rme": 8.79624061152406,
                "sem": 0.0009920799237585266,
                "deviation": 0.007153990068939545,
                "mean": 0.02210576923076922,
                "sample": [
                    0.041,
                    0.051,
                    0.034999999999999996,
                    0.046000000000000006,
                    0.025,
                    0.024,
                    0.0245,
                    0.0235,
                    0.02275,
                    0.02475,
                    0.0225,
                    0.024,
                    0.024,
                    0.02375,
                    0.023,
                    0.02325,
                    0.02525,
                    0.0255,
                    0.02425,
                    0.02225,
                    0.024,
                    0.02425,
                    0.02425,
                    0.0235,
                    0.02375,
                    0.02125,
                    0.02025,
                    0.0178,
                    0.0214,
                    0.0182,
                    0.0178,
                    0.0166,
                    0.0174,
                    0.0172,
                    0.0174,
                    0.0172,
                    0.017,
                    0.0174,
                    0.0178,
                    0.0172,
                    0.0172,
                    0.016800000000000002,
                    0.016800000000000002,
                    0.0166,
                    0.016800000000000002,
                    0.017,
                    0.017,
                    0.017,
                    0.0172,
                    0.017,
                    0.016800000000000002,
                    0.0164
                ],
                "variance": 0.000051179573906485634
            },
            "times": {
                "cycle": 0.1105288461538461,
                "elapsed": 5.984,
                "period": 0.02210576923076922,
                "timeStamp": 1479276925198
            }
        },
        {
            "name": "hamstersjs: Monte Carlo Math.random (projects: 8, runs: 10,000)",
            "stats": {
                "moe": 0.002632478145830732,
                "rme": 5.958598240707984,
                "sem": 0.001343101094811598,
                "deviation": 0.008387663648745127,