{
	"benchmarks": [
		{
			"name": "hamstersjs: Mandelbrot 10000x10000, 1000",
			"stats": {
				"moe": 0.6291622574485508,
				"rme": 0.99084415387125,
				"sem": 0.2266434644987575,
				"deviation": 0.5067901932752821,
				"mean": 63.4976,
				"sample": [
					63.398,
					62.991,
					63.942,
					63.054,
					64.103
				],
				"variance": 0.2568362999999978
			},
			"times": {
				"cycle": 63.4976,
				"elapsed": 317.572,
				"period": 63.4976,
				"timeStamp": 1479753780511
			}
		},
		{
			"name": "hamstersjs: Knights Tour (5x5)",
			"stats": {
				"moe": 0.0018902369512572,
				"rme": 2.2488972958547193,
				"sem": 0.0009644066077842857,
				"deviation": 0.007344701906681006,
				"mean": 0.08405172413793106,
				"sample": [
					0.082,
					0.078,
					0.079,
					0.083,
					0.079,
					0.079,
					0.082,
					0.084,
					0.096,
					0.082,
					0.091,
					0.08,
					0.082,
					0.081,
					0.079,
					0.081,
					0.092,
					0.083,
					0.085,
					0.086,
					0.077,
					0.086,
					0.081,
					0.083,
					0.075,
					0.088,
					0.088,
					0.079,
					0.081,
					0.079,
					0.08,
					0.082,
					0.083,
					0.086,
					0.084,
					0.082,
					0.086,
					0.087,
					0.106,
					0.12,
					0.085,
					0.079,
					0.085,
					0.094,
					0.088,
					0.08,
					0.085,
					0.08,
					0.079,
					0.081,
					0.099,
					0.081,
					0.08,
					0.083,
					0.075,
					0.083,
					0.081,
					0.08
				],
				"variance": 5.39446460980036e-05
			},
			"times": {
				"cycle": 0.08405172413793106,
				"elapsed": 5.77,
				"period": 0.08405172413793106,
				"timeStamp": 1480533998833
			}
		},
		{
			"name": "hamstersjs: Knights Tour (6x6)",
			"stats": {
				"moe": 5.181183573623673,
				"rme": 0.4270270061418231,
				"sem": 1.8664205956857614,
				"deviation": 4.173443326559013,
				"mean": 1213.3151999999998,
				"sample": [
					1214.089,
					1214.695,
					1214.959,
					1216.767,
					1206.066
				],
				"variance": 17.417629199999965
			},
			"times": {
				"cycle": 1213.3151999999998,
				"elapsed": 6169.172,
				"period": 1213.3151999999998,
				"timeStamp": 1480557965657
			}
		},
		{
			"name": "hamstersjs: Monte Carlo Math.random (projects: 1, runs: 10,000)",
			"stats": {
				"moe": 0.0014313057144668502,
				"rme": 2.997498878464607,
				"sem": 0.0007302580175851276,
				"deviation": 0.005265965453443722,
				"mean": 0.04775000000000001,
				"sample": [
					0.0685,
					0.0455,
					0.0435,
					0.0475,
					0.0435,
					0.0505,
					0.0455,
					0.0485,
					0.0465,
					0.048,
					0.045,
					0.0625,
					0.046,
					0.051,
					0.048,
					0.044,
					0.045,
					0.0445,
					0.0425,
					0.0425,
					0.048,
					0.0415,
					0.044,
					0.046,
					0.0475,
					0.0475,
					0.0465,
					0.048,
					0.0485,
					0.0625,
					0.046,
					0.0435,
					0.049,
					0.0485,
					0.0475,
					0.046,
					0.0465,
					0.047,
					0.045,
					0.046,
					0.047,
					0.0495,
					0.0445,
					0.0445,
					0.045,
					0.047,
					0.046,
					0.05,
					0.062,
					0.044,
					0.053,
					0.047
				],
				"variance": 2.7730392156862742e-05
			},
			"times": {
				"cycle": 0.09550000000000002,
				"elapsed": 5.966,
				"period": 0.04775000000000001,
				"timeStamp": 1479785084493
			}
		},
		{
			"name": "hamstersjs: Monte Carlo Math.random (projects: 4, runs: 10,000)",
			"stats": {
				"moe": 0.0019895947921975366,
				"rme": 4.162844488290231,
				"sem": 0.0010150993837742535,
				"deviation": 0.007249259597081783,
				"mean": 0.04779411764705882,
				"sample": [
					0.05,
					0.0415,
					0.0475,
					0.0495,
					0.0515,
					0.053,
					0.054,
					0.0465,
					0.0395,
					0.0455,
					0.044,
					0.048,
					0.0405,
					0.0425,
					0.0405,
					0.0415,
					0.049,
					0.0465,
					0.044,
					0.0435,
					0.072,
					0.049,
					0.081,
					0.048,
					0.058,
					0.042,
					0.048,
					0.046,
					0.041,
					0.05,
					0.0445,
					0.0485,
					0.0475,
					0.0445,
					0.0425,
					0.048,
					0.0395,
					0.047,
					0.0455,
					0.0445,
					0.0445,
					0.045,
					0.058,
					0.0475,
					0.0505,
					0.0445,
					0.044,
					0.049,
					0.051,
					0.0515,
					0.0465
				],
				"variance": 5.2551764705882335e-05
			},
			"times": {
				"cycle": 0.09558823529411764,
				"elapsed": 5.816,
				"period": 0.04779411764705882,
				"timeStamp": 1479785121162
			}
		},
		{
			"name": "hamstersjs: Monte Carlo Math.random (projects: 8, runs: 10,000)",
			"stats": {
				"moe": 0.003606448439120167,
				"rme": 6.301975032616654,
				"sem": 0.0018400247138368197,
				"deviation": 0.012205343161555594,
				"mean": 0.05722727272727273,
				"sample": [
					0.057,
					0.0525,
					0.05,
					0.08,
					0.0515,
					0.0835,
					0.0665,
					0.068,
					0.0505,
					0.05,
					0.053,
					0.0515,
					0.0585,
					0.0505,
					0.103,
					0.0565,
					0.0505,
					0.0505,
					0.0805,
					0.048,
					0.052,
					0.082,
					0.0645,
					0.052,
					0.055,
					0.0515,
					0.0525,
					0.049,
					0.0475,
					0.048,
					0.049,
					0.0775,
					0.056,
					0.053,
					0.051,
					0.0515,
					0.0505,
					0.05,
					0.0575,
					0.052,
					0.0505,
					0.0505,
					0.0515,
					0.0515
				],
				"variance": 0.0001489704016913319
			},
			"times": {
				"cycle": 0.11445454545454546,
				"elapsed": 5.87,
				"period": 0.05722727272727273,
				"timeStamp": 1479785158764
			}
		},
		{
			"name": "hamstersjs: Monte Carlo Math.random (projects: 16, runs: 10,000)",
			"stats": {
				"moe": 0.002488860942263253,
				"rme": 3.6781196191082555,
				"sem": 0.0012698270113588026,
				"deviation": 0.007930067144247942,
				"mean": 0.06766666666666667,
				"sample": [
					0.063,
					0.069,
					0.0775,
					0.066,
					0.064,
					0.062,
					0.0655,
					0.0595,
					0.0665,
					0.065,
					0.0635,
					0.0945,
					0.065,
					0.0595,
					0.0705,
					0.0775,
					0.0665,
					0.065,
					0.0625,
					0.0645,
					0.066,
					0.065,
					0.067,
					0.068,
					0.065,
					0.0635,
					0.067,
					0.063,
					0.1,
					0.0685,
					0.068,
					0.0645,
					0.063,
					0.07,
					0.0715,
					0.0665,
					0.0665,
					0.0635,
					0.0655
				],
				"variance": 6.288596491228072e-05
			},
			"times": {
				"cycle": 0.13533333333333333,
				"elapsed": 6.01,
				"period": 0.06766666666666667,
				"timeStamp": 1479785197545
			}
		},
		{
			"name": "hamstersjs: Monte Carlo Math.random (projects: 1, runs: 100,000)",
			"stats": {
				"moe": 0.006274398408822537,
				"rme": 3.0154638134248577,
				"sem": 0.003051750198843646,
				"deviation": 0.01585735918921686,
				"mean": 0.20807407407407405,
				"sample": [
					0.229,
					0.203,
					0.193,
					0.224,
					0.196,
					0.209,
					0.19,
					0.216,
					0.2,
					0.199,
					0.194,
					0.2,
					0.227,
					0.194,
					0.187,
					0.198,
					0.199,
					0.221,
					0.201,
					0.199,
					0.188,
					0.242,
					0.216,
					0.211,
					0.212,
					0.229,
					0.241
				],
				"variance": 0.0002514558404558404
			},
			"times": {
				"cycle": 0.20807407407407405,
				"elapsed": 6.096,
				"period": 0.20807407407407405,
				"timeStamp": 1479785243103
			}
		},
		{
			"name": "hamstersjs: Monte Carlo Math.random (projects: 4, runs: 100,000)",
			"stats": {
				"moe": 0.009241984918633886,
				"rme": 4.475938884360805,
				"sem": 0.004495128851475625,
				"deviation": 0.02335737467197355,
				"mean": 0.2064814814814815,
				"sample": [
					0.211,
					0.191,
					0.2,
					0.216,
					0.23,
					0.192,
					0.222,
					0.186,
					0.193,
					0.296,
					0.192,
					0.178,
					0.217,
					0.197,
					0.188,
					0.195,
					0.205,
					0.189,
					0.204,
					0.193,
					0.22,
					0.204,
					0.226,
					0.197,
					0.196,
					0.24,
					0.197
				],
				"variance": 0.0005455669515669515
			},
			"times": {
				"cycle": 0.2064814814814815,
				"elapsed": 6.072,
				"period": 0.2064814814814815,