{
	"benchmarks": [
		{
			"name": "hamstersjs: Mandelbrot 10000x10000, 1000",
			"stats": {
				"moe": 11.943847068275536,
				"rme": 0.5452285802527739,
				"sem": 4.302538569263522,
				"deviation": 9.620768716687923,
				"mean": 2190.6128,
				"sample": [
					2198.646,
					2180.39,
					2180.261,
					2199.658,
					2194.109
				],
				"variance": 92.55919070000098
			},
			"times": {
				"cycle": 2190.6128,
				"elapsed": 10959.857,
				"period": 2190.6128,
				"timeStamp": 1481092692610
			}
		},
		{
			"name": "hamstersjs: Knights Tour (5x5)",
			"stats": {
				"moe": 0.029121828234436955,
				"rme": 9.248287018699104,
				"sem": 0.01262871996289547,
				"deviation": 0.03788615988868641,
				"mean": 0.3148888888888889,
				"sample": [
					0.411,
					0.294,
					0.33,
					0.296,
					0.295,
					0.305,
					0.311,
					0.295,
					0.297
				],
				"variance": 0.0014353611111111112
			},
			"times": {
				"cycle": 0.3148888888888889,
				"elapsed": 17.999,
				"period": 0.3148888888888889,
				"timeStamp": 1481103653470
			}
		},
		{
			"name": "hamstersjs: Knights Tour (6x6)",
			"stats": {
				"moe": 24.311044473788645,
				"rme": 1.2418411311470228,
				"sem": 8.757580862315795,
				"deviation": 19.582546126589342,
				"mean": 1957.6614000000002,
				"sample": [
					1986.709,
					1964.857,
					1939.409,
					1940.199,
					1957.133
				],
				"variance": 383.4761127999992
			},
			"times": {
				"cycle": 1957.6614000000002,
				"elapsed": 9795.144,
				"period": 1957.6614000000002,
				"timeStamp": 1481103672476
			}
		},
		{
			"name": "hamstersjs: Monte Carlo Math.random (projects: 1, runs: 10,000)",
			"stats": {
				"moe": 0.00105146294579141,
				"rme": 2.020803862285678,
				"sem": 0.0005364606866282704,
				"deviation": 0.003677789174217405,
				"mean": 0.05203191489361704,
				"sample": [
					0.054,
					0.05,
					0.0605,
					0.0675,
					0.056,
					0.054,
					0.05,
					0.0565,
					0.0485,
					0.049,
					0.052,
					0.05,
					0.057,
					0.0485,
					0.0495,
					0.049,
					0.0525,
					0.049,
					0.0505,
					0.0545,
					0.05,
					0.052,
					0.0535,
					0.0565,
					0.0485,
					0.054,
					0.049,
					0.056,
					0.0495,
					0.052,
					0.053,
					0.054,
					0.0485,
					0.0495,
					0.056,
					0.052,
					0.0505,
					0.052,
					0.0505,
					0.0485,
					0.048,
					0.051,
					0.05,
					0.0495,
					0.05,
					0.0515,
					0.0515
				],
				"variance": 1.3526133209990743e-05
			},
			"times": {
				"cycle": 0.10406382978723408,
				"elapsed": 5.984,
				"period": 0.05203191489361704,
				"timeStamp": 1481113467628
			}
		},
		{
			"name": "hamstersjs: Monte Carlo Math.random (projects: 4, runs: 10,000)",
			"stats": {
				"moe": 0.0005977318239255236,
				"rme": 1.207290163740752,
				"sem": 0.00030496521628853247,
				"deviation": 0.002134756514019727,
				"mean": 0.04951020408163267,
				"sample": [
					0.0535,
					0.0495,
					0.05,
					0.047,
					0.053,
					0.0485,
					0.0535,
					0.05,
					0.055,
					0.0475,
					0.0475,
					0.0495,
					0.05,
					0.049,
					0.0485,
					0.0475,
					0.051,
					0.0505,
					0.048,
					0.0525,
					0.0505,
					0.046,
					0.047,
					0.047,
					0.046,
					0.0475,
					0.0495,
					0.047,
					0.049,
					0.0475,
					0.0485,
					0.0485,
					0.0485,
					0.048,
					0.05,
					0.0515,
					0.0485,
					0.0535,
					0.05,
					0.0475,
					0.05,
					0.05,
					0.051,
					0.051,
					0.053,
					0.0475,
					0.0495,
					0.0515,
					0.0495
				],
				"variance": 4.557185374149657e-06
			},
			"times": {
				"cycle": 0.09902040816326534,
				"elapsed": 5.876,
				"period": 0.04951020408163267,
				"timeStamp": 1481113473614
			}
		},
		{
			"name": "hamstersjs: Monte Carlo Math.random (projects: 8, runs: 10,000)",
			"stats": {
				"moe": 0.0006895632913566394,
				"rme": 1.064857191166459,
				"sem": 0.00035181800579420377,
				"deviation": 0.0021971027419853185,
				"mean": 0.06475641025641028,
				"sample": [
					0.0645,
					0.0645,
					0.064,
					0.0645,
					0.065,
					0.0645,
					0.063,
					0.0665,
					0.0635,
					0.0635,
					0.0635,
					0.0635,
					0.064,
					0.0635,
					0.063,
					0.068,
					0.0625,
					0.063,
					0.0625,
					0.063,
					0.066,
					0.0665,
					0.0635,
					0.0655,
					0.066,
					0.0635,
					0.0645,
					0.068,
					0.0645,
					0.064,
					0.071,
					0.0615,
					0.0705,
					0.0675,
					0.0615,
					0.064,
					0.067,
					0.0675,
					0.063
				],
				"variance": 4.827260458839405e-06
			},
			"times": {
				"cycle": 0.12951282051282056,
				"elapsed": 5.89,
				"period": 0.06475641025641028,
				"timeStamp": 1481113479492
			}
		},
		{
			"name": "hamstersjs: Monte Carlo Math.random (projects: 16, runs: 10,000)",
			"stats": {
				"moe": 0.0008235081827329144,
				"rme": 0.8977964369255801,
				"sem": 0.00042015723608822167,
				"deviation": 0.003000522830258416,
				"mean": 0.09172549019607842,
				"sample": [
					0.093,
					0.094,
					0.096,
					0.09,
					0.09,
					0.09,
					0.09,
					0.088,
					0.089,
					0.087,
					0.089,
					0.091,
					0.091,
					0.09,
					0.091,
					0.094,
					0.088,
					0.094,
					0.088,
					0.088,
					0.09,
					0.088,
					0.088,
					0.09,
					0.09,
					0.086,
					0.093,
					0.096,
					0.095,
					0.098,
					0.096,
					0.092,
					0.098,
					0.095,
					0.091,
					0.091,
					0.091,
					0.092,
					0.096,
					0.094,
					0.094,
					0.095,
					0.09,
					0.091,
					0.092,
					0.092,
					0.095,
					0.091,
					0.097,
					0.092,
					0.088
				],
				"variance": 9.003137254901975e-06
			},
			"times": {
				"cycle": 0.09172549019607842,
				"elapsed": 5.817,
				"period": 0.09172549019607842,
				"timeStamp": 1481113485393
			}
		},
		{
			"name": "hamstersjs: Monte Carlo Math.random (projects: 1, runs: 100,000)",
			"stats": {
				"moe": 0.011878226190327046,
				"rme": 2.6098343760788882,
				"sem": 0.005537634587565056,
				"deviation": 0.02144716653502164,
				"mean": 0.4551333333333333,
				"sample": [
					0.41,
					0.443,
					0.47,
					0.42,
					0.481,
					0.436,
					0.471,
					0.463,
					0.473,
					0.459,
					0.472,
					0.442,
					0.472,
					0.444,
					0.471
				],
				"variance": 0.00045998095238095223
			},
			"times": {
				"cycle": 0.4551333333333333,
				"elapsed": 7.488,
				"period": 0.4551333333333333,
				"timeStamp": 1481113491215
			}
		},
		{
			"name": "hamstersjs: Monte Carlo Math.random (projects: 4, runs: 100,000)",
			"stats": {
				"moe": 0.005143742286923565,
				"rme": 1.1124010136080376,
				"sem": 0.0023980150521788184,
				"deviation": 0.009287472361043273,
				"mean": 0.4624,
				"sample": [
					0.461,
					0.464,
					0.458,
					0.457,
					0.472,
					0.467,
					0.48,
					0.472,
					0.448,
					0.467,
					0.465,
					0.458,
					0.443,
					0.46,
					0.464
				],
				"variance": 8.625714285714273e-05
			},
			"times": {
				"cycle": 0.4624,
				"elapsed": 7.466,
				"period": 0.4624,
				"timeStamp": 1481113498711
			}
		},
		{
			"name": "hamstersjs: Monte Carlo Math.random (projects: 8, runs: 100,000)",
			"stats": {
				"moe": 0.00598772486571908,
				"rme": 0.9833406102179958,
				"sem": 0.0027204565496224803,
				"deviation": 0.009423937927459316,
				"mean": 0.6089166666666667,
				"sample": [
					0.611,
					0.621,
					0.629,
					0.612,
					0.602,
					0.607,
					0.602,
					0.601,
					0.605,
					0.594,
					0.611,
					0.612
				],
				"variance": 8.88106060606062e-05
			},
			"times": {
				"cycle": 0.6089166666666667,
				"elapsed": 7.639,
				"period": 0.6089166666666667,
				"timeStamp": 1481113506183
			}
		},
		{
			"name": "hamstersjs: Monte Carlo Math.random (projects: 16, runs: 100,000)",
			"stats": {
				"moe": 0.007055441939382658,
				"rme": 0.7620913738801747,
				"sem": 0.0031191166840772136,
				"deviation": 0.009863513009515846,
				"mean": 0.9258000000000001,