{
	"benchmarks": [
		{
			"name": "hamstersjs: Mandelbrot 10000x10000, 1000",
			"stats": {
				"moe": 1.299035896018633,
				"rme": 0.0595277293039001,
				"sem": 0.4679524121104586,
				"deviation": 1.0463734037139814,
				"mean": 2182.2365999999997,
				"sample": [
					2183.165,
					2183.555,
					2181.653,
					2181.572,
					2181.238
				],
				"variance": 1.0948972999999824
			},
			"times": {
				"cycle": 2182.2365999999997,
				"elapsed": 10913.035,
				"period": 2182.2365999999997,
				"timeStamp": 1479123444244
			}
		},
		{
			"name": "hamstersjs: Knights Tour (5x5)",
			"stats": {
				"moe": 0.0099409859807479,
				"rme": 2.7584052359096995,
				"sem": 0.004711367763387631,
				"deviation": 0.019988640564930545,
				"mean": 0.36038888888888887,
				"sample": [
					0.349,
					0.431,
					0.329,
					0.349,
					0.364,
					0.355,
					0.35,
					0.354,
					0.369,
					0.366,
					0.366,
					0.358,
					0.354,
					0.349,
					0.361,
					0.367,
					0.357,
					0.359
				],
				"variance": 0.00039954575163398694
			},
			"times": {
				"cycle": 0.36038888888888887,
				"elapsed": 6.976,
				"period": 0.36038888888888887,
				"timeStamp": 1479134357286
			}
		},
		{
			"name": "hamstersjs: Knights Tour (6x6)",
			"stats": {
				"moe": 13.027502801460084,
				"rme": 0.4959772381412099,
				"sem": 4.692904467384757,
				"deviation": 10.493653400984762,
				"mean": 2626.6332,
				"sample": [
					2628.383,
					2643.96,
					2622.76,
					2617.213,
					2620.85
				],
				"variance": 110.11676169999907
			},
			"times": {
				"cycle": 2626.6332,
				"elapsed": 13133.27,
				"period": 2626.6332,
				"timeStamp": 1479134364263
			}
		},
		{
			"name": "hamstersjs: Monte Carlo Math.random (projects: 1, runs: 10,000)",
			"stats": {
				"moe": 0.0016658811566112636,
				"rme": 3.786093537752872,
				"sem": 0.0008499393656179917,
				"deviation": 0.006245753274206736,
				"mean": 0.044,
				"sample": [
					0.086,
					0.045,
					0.047,
					0.042,
					0.046,
					0.0445,
					0.0455,
					0.038,
					0.0425,
					0.042,
					0.04,
					0.041,
					0.0405,
					0.0395,
					0.044,
					0.0425,
					0.0435,
					0.0415,
					0.0445,
					0.0455,
					0.0435,
					0.0445,
					0.045,
					0.043,
					0.046,
					0.045,
					0.0455,
					0.041,
					0.0465,
					0.041,
					0.04,
					0.042,
					0.042,
					0.042,
					0.045,
					0.0475,
					0.0435,
					0.0465,
					0.0415,
					0.042,
					0.0475,
					0.042,
					0.0425,
					0.0445,
					0.042,
					0.041,
					0.0425,
					0.044,
					0.0465,
					0.045,
					0.0425,
					0.0395,
					0.042,
					0.0405
				],
				"variance": 3.900943396226416e-05
			},
			"times": {
				"cycle": 0.088,
				"elapsed": 5.762,
				"period": 0.044,
				"timeStamp": 1479147497539
			}
		},
		{
			"name": "hamstersjs: Monte Carlo Math.random (projects: 4, runs: 10,000)",
			"stats": {
				"moe": 0.0006312228637567995,
				"rme": 1.3716389455303262,
				"sem": 0.00032205248150857116,
				"deviation": 0.0022999147469280807,
				"mean": 0.04601960784313728,
				"sample": [
					0.048,
					0.0505,
					0.041,
					0.0445,
					0.047,
					0.0455,
					0.0465,
					0.0485,
					0.044,
					0.045,
					0.045,
					0.0435,
					0.046,
					0.0445,
					0.0465,
					0.046,
					0.0435,
					0.048,
					0.0505,
					0.046,
					0.051,
					0.0435,
					0.0455,
					0.048,
					0.0435,
					0.047,
					0.0455,
					0.045,
					0.0475,
					0.0495,
					0.0425,
					0.042,
					0.0425,
					0.0475,
					0.0455,
					0.045,
					0.0455,
					0.047,
					0.044,
					0.0465,
					0.0455,
					0.046,
					0.0435,
					0.049,
					0.05,
					0.045,
					0.049,
					0.0445,
					0.045,
					0.047,
					0.0485
				],
				"variance": 5.289607843137258e-06
			},
			"times": {
				"cycle": 0.09203921568627456,
				"elapsed": 5.86,
				"period": 0.04601960784313728,
				"timeStamp": 1479147503303
			}
		},
		{
			"name": "hamstersjs: Monte Carlo Math.random (projects: 8, runs: 10,000)",
			"stats": {
				"moe": 0.0005427778108379009,
				"rme": 0.9358238117894843,
				"sem": 0.00027692745450913313,
				"deviation": 0.0018159347586350794,
				"mean": 0.058,
				"sample": [
					0.06,
					0.0595,
					0.061,
					0.0575,
					0.0565,
					0.0575,
					0.0555,
					0.0595,
					0.0605,
					0.056,
					0.0565,
					0.0555,
					0.0585,
					0.0575,
					0.058,
					0.062,
					0.0565,
					0.057,
					0.0575,
					0.0565,
					0.0545,
					0.0575,
					0.059,
					0.0595,
					0.062,
					0.058,
					0.0585,
					0.055,
					0.0565,
					0.058,
					0.0595,
					0.06,
					0.058,
					0.058,
					0.0555,
					0.0595,
					0.059,
					0.0565,
					0.057,
					0.058,
					0.0585,
					0.0605,
					0.0565
				],
				"variance": 3.297619047619044e-06
			},
			"times": {
				"cycle": 0.116,
				"elapsed": 5.902,
				"period": 0.058,
				"timeStamp": 1479147509168
			}
		},
		{
			"name": "hamstersjs: Monte Carlo Math.random (projects: 16, runs: 10,000)",
			"stats": {
				"moe": 0.0012863826649928297,
				"rme": 1.493221494187721,
				"sem": 0.0006563176862208315,
				"deviation": 0.004822930321215346,
				"mean": 0.08614814814814817,
				"sample": [
					0.082,
					0.087,
					0.083,
					0.102,
					0.087,
					0.092,
					0.085,
					0.087,
					0.083,
					0.087,
					0.082,
					0.081,
					0.081,
					0.079,
					0.092,
					0.081,
					0.093,
					0.086,
					0.086,
					0.095,
					0.086,
					0.083,
					0.084,
					0.087,
					0.08,
					0.083,
					0.088,
					0.08,
					0.082,
					0.088,
					0.092,
					0.087,
					0.092,
					0.091,
					0.084,
					0.088,
					0.095,
					0.081,
					0.083,
					0.082,
					0.081,
					0.085,
					0.085,
					0.093,
					0.086,
					0.086,
					0.082,
					0.085,
					0.089,
					0.081,
					0.09,
					0.095,
					0.082,
					0.085
				],
				"variance": 2.3260656883298357e-05
			},
			"times": {
				"cycle": 0.08614814814814817,
				"elapsed": 5.668,
				"period": 0.08614814814814817,
				"timeStamp": 1479147515072
			}
		},
		{
			"name": "hamstersjs: Monte Carlo Math.random (projects: 1, runs: 100,000)",
			"stats": {
				"moe": 0.0042037939895659205,
				"rme": 1.37401339747211,
				"sem": 0.002008501667255576,
				"deviation": 0.008982292521810263,
				"mean": 0.30595,
				"sample": [
					0.321,
					0.311,
					0.298,
					0.315,
					0.306,
					0.293,
					0.291,
					0.298,
					0.312,
					0.313,
					0.3,
					0.308,
					0.299,
					0.304,
					0.304,
					0.306,
					0.298,
					0.314,
					0.325,
					0.303
				],
				"variance": 8.068157894736858e-05
			},
			"times": {
				"cycle": 0.30595,
				"elapsed": 6.608,
				"period": 0.30595,
				"timeStamp": 1479147520742
			}
		},
		{
			"name": "hamstersjs: Monte Carlo Math.random (projects: 4, runs: 100,000)",
			"stats": {
				"moe": 0.004635134962929074,
				"rme": 1.2611602812066942,
				"sem": 0.0021863844164759783,
				"deviation": 0.009014693887334892,
				"mean": 0.3675294117647059,
				"sample": [
					0.36,
					0.383,
					0.371,
					0.371,
					0.365,
					0.376,
					0.371,
					0.376,
					0.344,
					0.373,
					0.364,
					0.362,
					0.365,
					0.365,
					0.378,
					0.36,
					0.364
				],
				"variance": 8.126470588235307e-05
			},
			"times": {
				"cycle": 0.3675294117647059,
				"elapsed": 6.75,
				"period": 0.3675294117647059,
				"timeStamp": 1479147527352
			}
		},
		{
			"name": "hamstersjs: Monte Carlo Math.random (projects: 8, runs: 100,000)",
			"stats": {
				"moe": 0.006130386136890301,
				"rme": 1.0593515855320208,
				"sem": 0.0028133942803535116,
				"deviation": 0.010143837335911695,
				"mean": 0.5786923076923076,
				"sample": [
					0.595,
					0.57,
					0.593,
					0.582,
					0.583,
					0.571,
					0.583,
					0.567,
					0.567,
					0.582,
					0.585,
					0.563,
					0.582
				],
				"variance": 0.0001028974358974361
			},
			"times": {
				"cycle": 0.5786923076923076,
				"elapsed": 7.851,
				"period": 0.5786923076923076,