{
	"benchmarks": [
		{
			"name": "hamstersjs: Mandelbrot 10000x10000, 1000",
			"stats": {
				"moe": 15.335254275736723,
				"rme": 17.48460135055813,
				"sem": 5.524227044573748,
				"deviation": 12.352547194809661,
				"mean": 87.70720000000001,
				"sample": [
					93.187,
					93.125,
					93.119,
					93.493,
					65.612
				],
				"variance": 152.58542220000004
			},
			"times": {
				"cycle": 87.70720000000001,
				"elapsed": 438.722,
				"period": 87.70720000000001,
				"timeStamp": 1479254675039
			}
		},
		{
			"name": "hamstersjs: Knights Tour (5x5)",
			"stats": {
				"moe": 0.0014100982163048538,
				"rme": 1.287249810478731,
				"sem": 0.0007194378654616601,
				"deviation": 0.00487946500591626,
				"mean": 0.1095434782608696,
				"sample": [
					0.119,
					0.125,
					0.109,
					0.121,
					0.113,
					0.108,
					0.111,
					0.109,
					0.118,
					0.106,
					0.108,
					0.108,
					0.105,
					0.105,
					0.107,
					0.108,
					0.106,
					0.105,
					0.109,
					0.106,
					0.108,
					0.105,
					0.107,
					0.106,
					0.109,
					0.108,
					0.118,
					0.112,
					0.109,
					0.107,
					0.104,
					0.106,
					0.105,
					0.109,
					0.111,
					0.106,
					0.111,
					0.112,
					0.106,
					0.106,
					0.105,
					0.113,
					0.108,
					0.121,
					0.111,
					0.11
				],
				"variance": 2.380917874396137e-05
			},
			"times": {
				"cycle": 0.1095434782608696,
				"elapsed": 5.855,
				"period": 0.1095434782608696,
				"timeStamp": 1480258240873
			}
		},
		{
			"name": "hamstersjs: Knights Tour (6x6)",
			"stats": {
				"moe": 5.303875799071514,
				"rme": 0.4374090296624957,
				"sem": 1.9106180832390183,
				"deviation": 4.272271913162797,
				"mean": 1212.5665999999997,
				"sample": [
					1214.194,
					1216.072,
					1216.587,
					1207.893,
					1208.087
				],
				"variance": 18.252307299999707
			},
			"times": {
				"cycle": 1212.5665999999997,
				"elapsed": 6062.959,
				"period": 1212.5665999999997,
				"timeStamp": 1479274693740
			}
		},
		{
			"name": "hamstersjs: Monte Carlo Math.random (projects: 1, runs: 10.000)",
			"stats": {
				"moe": 0.0010393062279158744,
				"rme": 4.912126154270522,
				"sem": 0.0005302582795489155,
				"deviation": 0.00359638662818503,
				"mean": 0.02115797101449275,
				"sample": [
					0.041,
					0.025666666666666667,
					0.021,
					0.0222,
					0.0182,
					0.0206,
					0.0198,
					0.0224,
					0.0188,
					0.0184,
					0.0184,
					0.0182,
					0.0208,
					0.019200000000000002,
					0.025,
					0.019,
					0.018,
					0.020399999999999998,
					0.0172,
					0.0198,
					0.019,
					0.0186,
					0.0208,
					0.0186,
					0.0188,
					0.0186,
					0.020399999999999998,
					0.0212,
					0.0214,
					0.0212,
					0.020399999999999998,
					0.0212,
					0.0216,
					0.020999999999999998,
					0.0216,
					0.0216,
					0.0214,
					0.0218,
					0.022600000000000002,
					0.0224,
					0.020200000000000003,
					0.0206,
					0.0212,
					0.0248,
					0.0258,
					0.0224
				],
				"variance": 1.293399677938809e-05
			},
			"times": {
				"cycle": 0.10578985507246375,
				"elapsed": 6.139,
				"period": 0.02115797101449275,
				"timeStamp": 1479280781032
			}
		},
		{
			"name": "hamstersjs: Monte Carlo Math.random (projects: 4, runs: 10.000)",
			"stats": {
				"moe": 0.0009571585929397231,
				"rme": 4.7341772818341745,
				"sem": 0.0004883462208876138,
				"deviation": 0.0033833618650464035,
				"mean": 0.02021805555555555,
				"sample": [
					0.037,
					0.02766666666666667,
					0.027,
					0.0228,
					0.0216,
					0.022,
					0.0222,
					0.0224,
					0.0248,
					0.020999999999999998,
					0.0208,
					0.0186,
					0.0188,
					0.0186,
					0.0188,
					0.019200000000000002,
					0.0194,
					0.0198,
					0.016800000000000002,
					0.023200000000000002,
					0.0196,
					0.019,
					0.0194,
					0.0198,
					0.02,
					0.0194,
					0.0186,
					0.0188,
					0.019,
					0.019200000000000002,
					0.0194,
					0.0196,
					0.0166,
					0.02,
					0.02,
					0.017,
					0.0172,
					0.017,
					0.0172,
					0.020399999999999998,
					0.0186,
					0.02,
					0.0186,
					0.0182,
					0.0188,
					0.0186,
					0.0188,
					0.019200000000000002
				],
				"variance": 1.1447137509850278e-05
			},
			"times": {
				"cycle": 0.10109027777777777,
				"elapsed": 5.967,
				"period": 0.02021805555555555,
				"timeStamp": 1479280811246
			}
		},
		{
			"name": "hamstersjs: Monte Carlo Math.random (projects: 8, runs: 10.000)",
			"stats": {
				"moe": 0.0008165559371247462,
				"rme": 2.277819020804644,
				"sem": 0.00041661017200242157,
				"deviation": 0.002794705994145883,
				"mean": 0.03584814814814815,
				"sample": [
					0.0485,
					0.037,
					0.03666666666666667,
					0.036,
					0.036333333333333336,
					0.03366666666666667,
					0.03366666666666667,
					0.035333333333333335,
					0.03666666666666667,
					0.041666666666666664,
					0.035666666666666666,
					0.035666666666666666,
					0.036333333333333336,
					0.033,
					0.03366666666666667,
					0.034999999999999996,
					0.035666666666666666,
					0.035666666666666666,
					0.036333333333333336,
					0.037333333333333336,
					0.03333333333333333,
					0.034333333333333334,
					0.036,
					0.036333333333333336,
					0.037333333333333336,
					0.033999999999999996,
					0.034666666666666665,
					0.036,
					0.037,
					0.03366666666666667,
					0.03766666666666667,
					0.034666666666666665,
					0.035666666666666666,
					0.03666666666666667,
					0.043000000000000003,
					0.03366666666666667,
					0.034999999999999996,
					0.036,
					0.03333333333333333,
					0.036,
					0.03233333333333333,
					0.034666666666666665,
					0.035333333333333335,
					0.032,
					0.034666666666666665
				],
				"variance": 7.810381593714927e-06
			},
			"times": {
				"cycle": 0.10754444444444444,
				"elapsed": 6.03,
				"period": 0.03584814814814815,
				"timeStamp": 1479280841395
			}
		},
		{
			"name": "hamstersjs: Monte Carlo Math.random (projects: 16, runs: 10.000)",
			"stats": {
				"moe": 0.005893343358580099,
				"rme": 7.970313213672371,
				"sem": 0.0030068078360102547,
				"deviation": 0.017532551848819692,
				"mean": 0.07394117647058822,
				"sample": [
					0.0715,
					0.074,
					0.0485,
					0.052,
					0.0525,
					0.0545,
					0.0575,
					0.06,
					0.054,
					0.0545,
					0.071,
					0.0635,
					0.0905,
					0.0655,
					0.054,
					0.0545,
					0.0555,
					0.0645,
					0.0695,
					0.071,
					0.065,
					0.0775,
					0.093,
					0.095,
					0.0965,
					0.089,
					0.0935,
					0.0935,
					0.09,
					0.0925,
					0.0945,
					0.098,
					0.0985,
					0.099
				],
				"variance": 0.0003073903743315508
			},
			"times": {
				"cycle": 0.14788235294117644,
				"elapsed": 5.946,
				"period": 0.07394117647058822,
				"timeStamp": 1479280871903
			}
		},
		{
			"name": "hamstersjs: Monte Carlo Math.random (projects: 1, runs: 100.000)",
			"stats": {
				"moe": 0.004928090785922534,
				"rme": 1.9736390053320265,
				"sem": 0.0023761286335209904,
				"deviation": 0.011395512604085941,
				"mean": 0.24969565217391307,
				"sample": [
					0.25,
					0.253,
					0.251,
					0.241,
					0.273,
					0.235,
					0.229,
					0.232,
					0.242,
					0.257,
					0.25,
					0.237,
					0.251,
					0.263,
					0.26,
					0.259,
					0.262,
					0.255,
					0.252,
					0.259,
					0.257,
					0.237,
					0.238
				],
				"variance": 0.00012985770750988153
			},
			"times": {
				"cycle": 0.24969565217391307,
				"elapsed": 6.282,
				"period": 0.24969565217391307,
				"timeStamp": 1479280913472
			}
		},
		{
			"name": "hamstersjs: Monte Carlo Math.random (projects: 4, runs: 100.000)",
			"stats": {
				"moe": 0.006301007947121079,
				"rme": 2.6104641935250457,
				"sem": 0.003045436417168235,
				"deviation": 0.014919530532303887,
				"mean": 0.24137499999999998,