{
    "benchmarks": [
        {
            "name": "hamstersjs: Mandelbrot 10000x10000, 1000",
            "stats": {
                "moe": 0.14951279323455774,
                "rme": 0.1993689987526272,
                "sem": 0.0538590753726793,
                "deviation": 0.12043255373859575,
                "mean": 74.99300000000001,
                "sample": [
                    75.193,
                    74.961,
                    74.989,
                    74.869,
                    74.953
                ],
                "variance": 0.014503999999999753
            },
            "times": {
                "cycle": 74.99300000000001,
                "elapsed": 375.204,
                "period": 74.99300000000001,
                "timeStamp": 1479397883407
            }
        },
        {
            "name": "hamstersjs: Knights Tour (5x5)",
            "stats": {
                "moe": 0.0027215422456985587,
                "rme": 2.2870102905029905,
                "sem": 0.0013885419620911013,
                "deviation": 0.008891006692158095,
                "mean": 0.11900000000000001,
                "sample": [
                    0.114,
                    0.116,
                    0.11,
                    0.112,
                    0.118,
                    0.11,
                    0.11,
                    0.111,
                    0.117,
                    0.122,
                    0.109,
                    0.115,
                    0.122,
                    0.127,
                    0.116,
                    0.115,
                    0.111,
                    0.115,
                    0.114,
                    0.125,
                    0.126,
                    0.117,
                    0.127,
                    0.164,
                    0.115,
                    0.127,
                    0.122,
                    0.115,
                    0.118,
                    0.118,
                    0.123,
                    0.12,
                    0.128,
                    0.12,
                    0.114,
                    0.117,
                    0.118,
                    0.119,
                    0.119,
                    0.124,
                    0.119
                ],
                "variance": 0.00007905000000000002
            },
            "times": {
                "cycle": 0.11900000000000001,
                "elapsed": 5.979,
                "period": 0.11900000000000001,
                "timeStamp": 1479398258622
            }
        },
        {
            "name": "hamstersjs: Knights Tour (6x6)",
            "stats": {
                "moe": 26.37371862404199,
                "rme": 2.4629506250401088,
                "sem": 9.50061910087968,
                "deviation": 21.244030137899898,
                "mean": 1070.818,
                "sample": [
                    1074.183,
                    1056.352,
                    1065.328,
                    1105.73,
                    1052.497
                ],
                "variance": 451.3088164999991
            },
            "times": {
                "cycle": 1070.818,
                "elapsed": 5354.236,
                "period": 1070.818,
                "timeStamp": 1479398264610
            }
        },
        {
            "name": "hamstersjs: Monte Carlo Math.random (projects: 1, runs: 10,000)",
            "stats": {
                "moe": 0.0019773475111887137,
                "rme": 3.657337575982342,
                "sem": 0.0010088507710146498,
                "deviation": 0.006842358832751704,
                "mean": 0.05406521739130434,
                "sample": [
                    0.0555,
                    0.049,
                    0.0495,
                    0.0555,
                    0.0525,
                    0.0515,
                    0.055,
                    0.0525,
                    0.053,
                    0.0555,
                    0.056,
                    0.0515,
                    0.058,
                    0.051,
                    0.0555,
                    0.063,
                    0.0555,
                    0.0525,
                    0.052,
                    0.0635,
                    0.055,
                    0.059,
                    0.0495,
                    0.0525,
                    0.054,
                    0.0505,
                    0.058,
                    0.0505,
                    0.0525,
                    0.052,
                    0.0515,
                    0.0525,
                    0.053,
                    0.0505,
                    0.051,
                    0.05,
                    0.054,
                    0.052,
                    0.0505,
                    0.05,
                    0.0495,
                    0.054,
                    0.0525,
                    0.05,
                    0.0505,
                    0.094
                ],
                "variance": 0.00004681787439613526
            },
            "times": {
                "cycle": 0.10813043478260868,
                "elapsed": 6.132,
                "period": 0.05406521739130434,
                "timeStamp": 1479403618862
            }
        },
        {
            "name": "hamstersjs: Monte Carlo Math.random (projects: 4, runs: 10,000)",
            "stats": {
                "moe": 0.0018905696465932593,
                "rme": 4.048668989135259,
                "sem": 0.0009645763503026833,
                "deviation": 0.00688845296955169,
                "mean": 0.04669607843137256,
                "sample": [
                    0.044,
                    0.046,
                    0.0455,
                    0.0525,
                    0.042,
                    0.0415,
                    0.0455,
                    0.053,
                    0.045,
                    0.047,
                    0.0425,
                    0.0455,
                    0.042,
                    0.044,
                    0.0455,
                    0.0455,
                    0.053,
                    0.0455,
                    0.053,
                    0.0475,
                    0.045,
                    0.0475,
                    0.0465,
                    0.046,
                    0.048,
                    0.0425,
                    0.0435,
                    0.041,
                    0.0445,
                    0.042,
                    0.046,
                    0.0445,
                    0.049,
                    0.044,
                    0.0425,
                    0.042,
                    0.045,
                    0.0425,
                    0.049,
                    0.041,
                    0.044,
                    0.0415,
                    0.043,
                    0.042,
                    0.072,
                    0.0435,
                    0.0495,
                    0.068,
                    0.043,
                    0.044,
                    0.073
                ],
                "variance": 0.000047450784313725485
            },
            "times": {
                "cycle": 0.09339215686274512,
                "elapsed": 5.968,
                "period": 0.04669607843137256,
                "timeStamp": 1479403625009
            }
        },
        {
            "name": "hamstersjs: Monte Carlo Math.random (projects: 8, runs: 10,000)",
            "stats": {
                "moe": 0.0021180671091534306,
                "rme": 3.646838301809859,
                "sem": 0.0010806464842619543,
                "deviation": 0.007168197838627209,
                "mean": 0.05807954545454545,