{
	"benchmarks": [
		{
			"name": "sync: Mandelbrot 10000x10000, 1000",
			"stats": {
				"moe": 0.016100799999999475,
				"rme": 0.016380880291218734,
				"sem": 0.005799999999999811,
				"deviation": 0.01296919426949836,
				"mean": 98.2902,
				"sample": [
					98.296,
					98.292,
					98.306,
					98.286,
					98.271
				],
				"variance": 0.00016819999999998907
			},
			"times": {
				"cycle": 98.2902,
				"elapsed": 983.785,
				"period": 98.2902,
				"timeStamp": 1479328550988
			}
		},
		{
			"name": "sync: Knights Tour (5x5)",
			"stats": {
				"moe": 0.00202530439818943,
				"rme": 0.7049252256081014,
				"sem": 0.000929465074891891,
				"deviation": 0.0033512339862756895,
				"mean": 0.2873076923076923,
				"sample": [
					0.296,
					0.292,
					0.288,
					0.286,
					0.287,
					0.287,
					0.288,
					0.286,
					0.283,
					0.286,
					0.286,
					0.285,
					0.285
				],
				"variance": 1.1230769230769249e-05
			},
			"times": {
				"cycle": 0.2873076923076923,
				"elapsed": 7.769,
				"period": 0.2873076923076923,
				"timeStamp": 1480599627861
			}
		},
		{
			"name": "sync: Knights Tour (6x6)",
			"stats": {
				"moe": 70.59207786521733,
				"rme": 2.197221101828266,
				"sem": 25.42942286210999,
				"deviation": 56.861918148265204,
				"mean": 3212.7889999999998,
				"sample": [
					3178.27,
					3230.934,
					3305.119,
					3173.623,
					3175.999
				],
				"variance": 3233.2777355000117
			},
			"times": {
				"cycle": 3212.7889999999998,
				"elapsed": 31632.407,
				"period": 3212.7889999999998,
				"timeStamp": 1480599635637
			}
		},
		{
			"name": "sync: Monte Carlo Math.random (projects: 1, runs: 10.000)",
			"stats": {
				"moe": 0.00013734761015592143,
				"rme": 0.7206969790877071,
				"sem": 7.007531130404155e-05,
				"deviation": 0.00047527388493423804,
				"mean": 0.01905760869565218,
				"sample": [
					0.019,
					0.019,
					0.01875,
					0.01925,
					0.01925,
					0.01925,
					0.019,
					0.019,
					0.01925,
					0.01925,
					0.019,
					0.019,
					0.019,
					0.01925,
					0.0182,
					0.019,
					0.0194,
					0.019,
					0.019200000000000002,
					0.019,
					0.019200000000000002,
					0.019,
					0.0194,
					0.019,
					0.0188,
					0.0172,
					0.0186,
					0.0194,
					0.0212,
					0.019,
					0.0194,
					0.019,
					0.019,
					0.0188,
					0.019,
					0.019,
					0.019200000000000002,
					0.019200000000000002,
					0.019200000000000002,
					0.0188,
					0.019,
					0.019,
					0.019200000000000002,
					0.019,
					0.019,
					0.019
				],
				"variance": 2.2588526570048335e-07
			},
			"times": {
				"cycle": 0.09528804347826089,
				"elapsed": 5.999,
				"period": 0.01905760869565218,
				"timeStamp": 1479363359039
			}
		},
		{
			"name": "sync: Monte Carlo simjs (projects: 1, runs: 10.000)",
			"stats": {
				"moe": 0.0007914505283184215,
				"rme": 1.180640106175589,
				"sem": 0.00038569713855673564,
				"deviation": 0.002040917420020689,
				"mean": 0.06703571428571428,
				"sample": [
					0.068,
					0.067,
					0.067,
					0.0645,
					0.0645,
					0.0645,
					0.067,
					0.067,
					0.073,
					0.066,
					0.0665,
					0.066,
					0.0665,
					0.067,
					0.0715,
					0.0665,
					0.0665,
					0.0665,
					0.067,
					0.0665,
					0.067,
					0.0665,
					0.067,
					0.0665,
					0.0725,
					0.066,
					0.066,
					0.0665
				],
				"variance": 4.165343915343905e-06
			},
			"times": {
				"cycle": 0.13407142857142856,
				"elapsed": 6.252,
				"period": 0.06703571428571428,
				"timeStamp": 1479363365044
			}
		},
		{
			"name": "sync: Monte Carlo Math.random (projects: 4, runs: 10.000)",
			"stats": {
				"moe": 0.0029958120820389915,
				"rme": 4.728985133447501,
				"sem": 0.00146494478339315,
				"deviation": 0.008023833033639478,
				"mean": 0.06334999999999999,
				"sample": [
					0.0615,
					0.0575,
					0.0565,
					0.056,
					0.0575,
					0.0565,
					0.063,
					0.0585,
					0.0565,
					0.0565,
					0.056,
					0.057,
					0.0615,
					0.059,
					0.0565,
					0.051,
					0.0565,
					0.056,
					0.062,
					0.0725,
					0.0735,
					0.0735,
					0.0725,
					0.073,
					0.0785,
					0.073,
					0.0725,
					0.0735,
					0.0735,
					0.069
				],
				"variance": 6.43818965517241e-05
			},
			"times": {
				"cycle": 0.12669999999999998,
				"elapsed": 6.319,
				"period": 0.06334999999999999,
				"timeStamp": 1479363371303
			}
		},
		{
			"name": "sync: Monte Carlo simjs (projects: 4, runs: 10.000)",
			"stats": {
				"moe": 0.001643324604301304,
				"rme": 1.6179004543050806,
				"sem": 0.000800840450439232,
				"deviation": 0.004237649343406311,
				"mean": 0.1015714285714286,
				"sample": [
					0.102,
					0.102,
					0.1,
					0.099,
					0.11,
					0.099,
					0.098,
					0.102,
					0.099,
					0.11,
					0.099,
					0.099,
					0.1,
					0.1,
					0.111,
					0.099,
					0.1,
					0.1,
					0.098,
					0.11,
					0.1,
					0.101,
					0.1,
					0.098,
					0.11,
					0.099,
					0.1,
					0.099
				],
				"variance": 1.795767195767194e-05
			},
			"times": {
				"cycle": 0.1015714285714286,
				"elapsed": 6.081,
				"period": 0.1015714285714286,
				"timeStamp": 1479363377629
			}
		},
		{
			"name": "sync: Monte Carlo Math.random (projects: 8, runs: 10.000)",
			"stats": {
				"moe": 0.00437080936468293,
				"rme": 3.7640452675533336,
				"sem": 0.0021176401960673113,
				"deviation": 0.010588200980336556,
				"mean": 0.11611999999999999,
				"sample": [
					0.108,
					0.106,
					0.118,
					0.108,
					0.105,
					0.116,
					0.108,
					0.097,
					0.115,
					0.108,
					0.106,
					0.107,
					0.118,
					0.113,
					0.113,
					0.121,
					0.118,
					0.118,
					0.126,
					0.119,
					0.119,
					0.128,
					0.131,
					0.131,
					0.146
				],
				"variance": 0.00011211
			},
			"times": {
				"cycle": 0.11611999999999999,
				"elapsed": 6.139,
				"period": 0.11611999999999999,
				"timeStamp": 1479363383716
			}
		},
		{
			"name": "sync: Monte Carlo simjs (projects: 8, runs: 10.000)",
			"stats": {
				"moe": 0.0024635868250265625,
				"rme": 1.6507761112175439,
				"sem": 0.0011810099832342102,
				"deviation": 0.005412067644669296,
				"mean": 0.1492380952380952,
				"sample": [
					0.16,
					0.161,
					0.146,
					0.146,
					0.152,
					0.146,
					0.157,
					0.146,
					0.146,
					0.145,
					0.146,
					0.157,
					0.145,
					0.147,
					0.146,
					0.146,
					0.156,
					0.147,
					0.147,
					0.145,
					0.147
				],
				"variance": 2.929047619047626e-05
			},
			"times": {
				"cycle": 0.1492380952380952,
				"elapsed": 6.602,
				"period": 0.1492380952380952,
				"timeStamp": 1479363389862
			}
		},
		{
			"name": "sync: Monte Carlo Math.random (projects: 16, runs: 10.000)",
			"stats": {
				"moe": 0.00476394391800599,
				"rme": 2.1821672684825604,
				"sem": 0.0022355438376377244,
				"deviation": 0.008942175350550897,
				"mean": 0.21831250000000005,
				"sample": [
					0.221,
					0.21,
					0.209,
					0.219,
					0.211,
					0.207,
					0.219,
					0.218,
					0.214,
					0.224,
					0.221,
					0.224,
					0.237,
					0.204,
					0.223,
					0.232
				],
				"variance": 7.996250000000007e-05
			},
			"times": {
				"cycle": 0.21831250000000005,
				"elapsed": 7.228,
				"period": 0.21831250000000005,
				"timeStamp": 1479363396470
			}
		},
		{
			"name": "sync: Monte Carlo simjs (projects: 16, runs: 10.000)",
			"stats": {
				"moe": 0.002557823348586563,
				"rme": 0.9675635471551443,
				"sem": 0.001184177476197483,
				"deviation": 0.0044307864010656355,
				"mean": 0.26435714285714285,
				"sample": [
					0.27,
					0.27,
					0.26,
					0.26,
					0.267,
					0.26,
					0.272,
					0.261,
					0.262,
					0.264,
					0.261,
					0.269,
					0.26,
					0.265
				],
				"variance": 1.963186813186817e-05
			},
			"times": {
				"cycle": 0.26435714285714285,
				"elapsed": 7.609,
				"period": 0.26435714285714285,