{
	"benchmarks": [
		{
			"name": "sync: Mandelbrot 10000x10000, 1000",
			"stats": {
				"moe": 2.087403301512533,
				"rme": 0.40727420579558693,
				"sem": 0.7519464342624398,
				"deviation": 1.6814033424493924,
				"mean": 512.5301999999999,
				"sample": [
					515.462,
					511.67,
					511.548,
					512.441,
					511.53
				],
				"variance": 2.8271171999999885
			},
			"times": {
				"cycle": 512.5301999999999,
				"elapsed": 5126.483,
				"period": 512.5301999999999,
				"timeStamp": 1478981960181
			}
		},
		{
			"name": "sync: Knights Tour (5x5)",
			"stats": {
				"moe": 0.016232473430729494,
				"rme": 4.15056270892665,
				"sem": 0.007285670301045553,
				"deviation": 0.024163834734803772,
				"mean": 0.39109090909090904,
				"sample": [
					0.456,
					0.393,
					0.374,
					0.402,
					0.383,
					0.403,
					0.371,
					0.385,
					0.385,
					0.377,
					0.373
				],
				"variance": 0.0005838909090909092
			},
			"times": {
				"cycle": 0.39109090909090904,
				"elapsed": 11.797,
				"period": 0.39109090909090904,
				"timeStamp": 1478987086932
			}
		},
		{
			"name": "sync: Knights Tour (6x6)",
			"stats": {
				"moe": 11.966520481162469,
				"rme": 0.259784455604222,
				"sem": 4.310706225202619,
				"deviation": 9.639032150584574,
				"mean": 4606.3266,
				"sample": [
					4605.34,
					4599.054,
					4602.826,
					4623.078,
					4601.335
				],
				"variance": 92.91094080000308
			},
			"times": {
				"cycle": 4606.3266,
				"elapsed": 46017.767,
				"period": 4606.3266,
				"timeStamp": 1478987098934
			}
		},
		{
			"name": "sync: Monte Carlo Math.random (projects: 1, runs: 10,000)",
			"stats": {
				"moe": 0.0004863448785512955,
				"rme": 1.6653054207203897,
				"sem": 0.0002481351421180079,
				"deviation": 0.0016459423274138908,
				"mean": 0.02920454545454545,
				"sample": [
					0.028333333333333335,
					0.027333333333333334,
					0.030666666666666665,
					0.030666666666666665,
					0.030333333333333334,
					0.030333333333333334,
					0.028999999999999998,
					0.028,
					0.028333333333333335,
					0.028333333333333335,
					0.028666666666666663,
					0.028333333333333335,
					0.03333333333333333,
					0.028999999999999998,
					0.028333333333333335,
					0.028666666666666663,
					0.028666666666666663,
					0.03,
					0.029666666666666664,
					0.035666666666666666,
					0.028666666666666663,
					0.028333333333333335,
					0.028999999999999998,
					0.028333333333333335,
					0.028333333333333335,
					0.028999999999999998,
					0.03233333333333333,
					0.028333333333333335,
					0.028333333333333335,
					0.028,
					0.028333333333333335,
					0.028333333333333335,
					0.028666666666666663,
					0.03333333333333333,
					0.028333333333333335,
					0.028333333333333335,
					0.028333333333333335,
					0.028333333333333335,
					0.028666666666666663,
					0.028666666666666663,
					0.03,
					0.028666666666666663,
					0.028333333333333335,
					0.028333333333333335
				],
				"variance": 2.7091261451726553e-06
			},
			"times": {
				"cycle": 0.08761363636363634,
				"elapsed": 6.096,
				"period": 0.02920454545454545,
				"timeStamp": 1479555439396
			}
		},
		{
			"name": "sync: Monte Carlo simjs (projects: 1, runs: 10,000)",
			"stats": {
				"moe": 0.0019801986870606413,
				"rme": 1.7405397519802794,
				"sem": 0.0009612614985731267,
				"deviation": 0.0049014911388898155,
				"mean": 0.11376923076923079,
				"sample": [
					0.122,
					0.117,
					0.118,
					0.129,
					0.112,
					0.11,
					0.115,
					0.109,
					0.112,
					0.113,
					0.109,
					0.109,
					0.12,
					0.111,
					0.109,
					0.111,
					0.112,
					0.112,
					0.117,
					0.11,
					0.112,
					0.114,
					0.115,
					0.109,
					0.12,
					0.111
				],
				"variance": 2.402461538461538e-05
			},
			"times": {
				"cycle": 0.11376923076923079,
				"elapsed": 6.428,
				"period": 0.11376923076923079,
				"timeStamp": 1479555445499
			}
		},
		{
			"name": "sync: Monte Carlo Math.random (projects: 4, runs: 10,000)",
			"stats": {
				"moe": 0.00019185685007103986,
				"rme": 0.3219248905116231,
				"sem": 9.395536242460327e-05,
				"deviation": 0.000523121318604485,
				"mean": 0.05959677419354837,
				"sample": [
					0.0595,
					0.0605,
					0.0605,
					0.059,
					0.059,
					0.0595,
					0.06,
					0.0595,
					0.059,
					0.0595,
					0.06,
					0.0595,
					0.06,
					0.059,
					0.0595,
					0.059,
					0.0595,
					0.06,
					0.059,
					0.059,
					0.06,
					0.0595,
					0.06,
					0.0595,
					0.0595,
					0.06,
					0.06,
					0.061,
					0.059,
					0.0595,
					0.059
				],
				"variance": 2.736559139784951e-07
			},
			"times": {
				"cycle": 0.11919354838709674,
				"elapsed": 6.304,
				"period": 0.05959677419354837,
				"timeStamp": 1479555451935
			}
		},
		{
			"name": "sync: Monte Carlo simjs (projects: 4, runs: 10,000)",
			"stats": {
				"moe": 0.0027230466535717902,
				"rme": 2.018430807903618,
				"sem": 0.0013091570449864376,
				"deviation": 0.006140490835888257,
				"mean": 0.1349090909090909,
				"sample": [
					0.15,
					0.138,
					0.142,
					0.13,
					0.128,
					0.144,
					0.133,
					0.131,
					0.128,
					0.133,
					0.138,
					0.128,
					0.141,
					0.138,
					0.13,
					0.13,
					0.138,
					0.138,
					0.129,
					0.138,
					0.136,
					0.127
				],
				"variance": 3.770562770562767e-05
			},
			"times": {
				"cycle": 0.1349090909090909,
				"elapsed": 6.334,
				"period": 0.1349090909090909,
				"timeStamp": 1479555458248
			}
		},
		{
			"name": "sync: Monte Carlo Math.random (projects: 8, runs: 10,000)",
			"stats": {
				"moe": 0.0010343992932901592,
				"rme": 1.0123446421574434,
				"sem": 0.0005040932228509548,
				"deviation": 0.002667410610513377,
				"mean": 0.10217857142857145,
				"sample": [
					0.1,
					0.1,
					0.103,
					0.104,
					0.107,
					0.108,
					0.101,
					0.101,
					0.101,
					0.1,
					0.102,
					0.101,
					0.105,
					0.101,
					0.1,
					0.1,
					0.107,
					0.101,
					0.101,
					0.101,
					0.104,
					0.1,
					0.107,
					0.1,
					0.1,
					0.1,
					0.106,
					0.1
				],
				"variance": 7.115079365079347e-06
			},
			"times": {
				"cycle": 0.10217857142857145,
				"elapsed": 6.274,
				"period": 0.10217857142857145,
				"timeStamp": 1479555464589
			}
		},
		{
			"name": "sync: Monte Carlo simjs (projects: 8, runs: 10,000)",
			"stats": {
				"moe": 0.002978971740736266,
				"rme": 1.8630217265392535,
				"sem": 0.001423302312821914,
				"deviation": 0.0063652014480049405,
				"mean": 0.1599,
				"sample": [
					0.154,
					0.159,
					0.153,
					0.155,
					0.157,
					0.161,
					0.16,
					0.165,
					0.15,
					0.162,
					0.158,
					0.161,
					0.159,
					0.174,
					0.151,
					0.164,
					0.158,
					0.168,
					0.157,
					0.172
				],
				"variance": 4.0515789473684195e-05
			},
			"times": {
				"cycle": 0.1599,
				"elapsed": 6.678,
				"period": 0.1599,
				"timeStamp": 1479555470870
			}
		},
		{
			"name": "sync: Monte Carlo Math.random (projects: 16, runs: 10,000)",
			"stats": {
				"moe": 0.002511724160952334,
				"rme": 1.3671313848546116,
				"sem": 0.0011903905976077412,
				"deviation": 0.005050399582974843,
				"mean": 0.18372222222222223,
				"sample": [
					0.182,
					0.182,
					0.195,
					0.18,
					0.181,
					0.196,
					0.182,
					0.181,
					0.18,
					0.184,
					0.181,
					0.181,
					0.184,
					0.182,
					0.182,
					0.192,
					0.181,
					0.181
				],
				"variance": 2.550653594771247e-05
			},
			"times": {
				"cycle": 0.18372222222222223,
				"elapsed": 6.983,