{  "benchmarks": [    {      "name": "sync: Mandelbrot 10000x10000, 1000",      "stats": {        "moe": 2.087403301512533,        "rme": 0.40727420579558693,        "sem": 0.7519464342624398,        "deviation": 1.6814033424493923,        "mean": 512.5301999999999,        "sample": [          515.462,          511.67,          511.548,          512.441,          511.53        ],        "variance": 2.8271171999999884      },      "times": {        "cycle": 512.5301999999999,        "elapsed": 5126.483,        "period": 512.5301999999999,        "timeStamp": 1478981960181      }    },    {      "name": "sync: Knights Tour (5x5)",      "stats": {        "moe": 0.016232473430729494,        "rme": 4.15056270892665,        "sem": 0.007285670301045553,        "deviation": 0.024163834734803772,        "mean": 0.39109090909090904,        "sample": [          0.456,          0.393,          0.374,          0.402,          0.383,          0.403,          0.371,          0.385,          0.385,          0.377,          0.373        ],        "variance": 0.0005838909090909092      },      "times": {        "cycle": 0.39109090909090904,        "elapsed": 11.797,        "period": 0.39109090909090904,        "timeStamp": 1478987086932      }    },    {      "name": "sync: Knights Tour (6x6)",      "stats": {        "moe": 11.966520481162469,        "rme": 0.259784455604222,        "sem": 4.310706225202619,        "deviation": 9.639032150584574,        "mean": 4606.3266,        "sample": [          4605.34,          4599.054,          4602.826,          4623.078,          4601.335        ],        "variance": 92.91094080000307      },      "times": {        "cycle": 4606.3266,        "elapsed": 46017.767,        "period": 4606.3266,        "timeStamp": 1478987098934      }    },    {      "name": "sync: Monte Carlo Math.random (projects: 1, runs: 10,000)",      "stats": {        "moe": 0.000720731881107284,        "rme": 2.6448876370909504,        "sem": 0.0003677203475037163,        "deviation": 0.002206322085022298,        "mean": 0.02725,        "sample": [          0.03075,          0.0235,          0.027,          0.02875,          0.02875,          0.026,          0.0285,          0.0255,          0.026,          0.03125,          0.032,          0.0295,          0.03,          0.02525,          0.02775,          0.0255,          0.02775,          0.0315,          0.03,          0.02525,          0.026,          0.0255,          0.026,          0.0255,          0.02675,          0.02525,          0.026,          0.0255,          0.02625,          0.0285,          0.02625,          0.0255,          0.0305,          0.02525,          0.02625,          0.0255        ],        "variance": 0.000004867857142857141      },      "times": {        "cycle": 0.109,        "elapsed": 37.134,        "period": 0.02725,        "timeStamp": 1479033116954      }    },    {      "name": "sync: Monte Carlo simjs (projects: 1, runs: 10,000)",      "stats": {        "moe": 0.0027317672240511274,        "rme": 2.3292694611622844,        "sem": 0.0013235306318077166,        "deviation": 0.006617653159038584,        "mean": 0.11728000000000001,        "sample": [          0.134,          0.124,          0.118,          0.114,          0.112,          0.132,          0.117,          0.114,          0.113,          0.116,          0.115,          0.116,          0.114,          0.115,          0.113,          0.117,          0.115,          0.115,          0.113,          0.115,          0.114,          0.113,          0.114,          0.135,          0.114        ],        "variance": 0.000043793333333333346      },      "times": {        "cycle": 0.11728000000000001,        "elapsed": 25.26,        "period": 0.11728000000000001,        "timeStamp": 1479033154942      }    },    {      "name": "sync: Monte Carlo Math.random (projects: 4, runs: 10,000)",      "stats": {        "moe": 0.0021440525431276882,        "rme": 3.1646532001884693,        "sem": 0.0010408022054017903,        "deviation": 0.005307070755134135,        "mean": 0.06775,        "sample": [          0.0625,          0.0605,          0.0655,          0.0665,          0.0655,          0.0665,          0.065,          0.0695,          0.065,          0.078,          0.065,          0.064,          0.0725,          0.083,          0.0675,          0.066,          0.0675,          0.065,          0.0675,          0.0645,          0.072,          0.065,          0.0665,          0.08,          0.0665,          0.0645        ],        "variance": 0.000028164999999999995      },      "times": {        "cycle": 0.1355,        "elapsed": 27.212,        "period": 0.06775,        "timeStamp": 1479033180943      }    },    {      "name": "sync: Monte Carlo simjs (projects: 4, runs: 10,000)",      "stats": {        "moe": 0.004438948640874196,        "rme": 2.8378204635467607,        "sem": 0.002112778981853496,        "deviation": 0.009209390071936145,        "mean": 0.15642105263157893,        "sample": [          0.155,          0.166,          0.147,          0.179,          0.144,          0.154,          0.155,          0.154,          0.157,          0.15,          0.152,          0.15,          0.156,          0.174,          0.166,          0.148,          0.154,          0.162,          0.149        ],        "variance": 0.00008481286549707605      },      "times": {        "cycle": 0.15642105263157893,        "elapsed": 19.341,        "period": 0.15642105263157893,        "timeStamp": 1479033208946      }    },    {      "name": "sync: Monte Carlo Math.random (projects: 8, runs: 10,000)",      "stats": {        "moe": 0.004113128308058449,        "rme": 3.1851046384120325,        "sem": 0.001977465532720408,        "deviation": 0.009275135499179436,        "mean": 0.1291363636363637,        "sample": [          0.127,          0.147,          0.125,          0.137,          0.121,          0.122,          0.154,          0.122,          0.14,          0.128,          0.12,          0.131,          0.128,          0.123,          0.13,          0.125,          0.121,          0.14,          0.119,          0.124,          0.133,          0.124        ],        "variance": 0.00008602813852813855      },      "times": {        "cycle": 0.1291363636363637,        "elapsed": 22.286,        "period": 0.1291363636363637,        "timeStamp": 1479033228932      }    },    {      "name": "sync: Monte Carlo simjs (projects: 8, runs: 10,000)",      "stats": {        "moe": 0.006475051549712065,        "rme": 2.9647671930916046,        "sem": 0.0030186720511478156,        "deviation": 0.011691266581757274,        "mean": 0.2184,        "sample": [          0.21,          0.227,          0.206,          0.226,          0.21,          0.204,          0.244,          0.211,          0.221,          0.205,          0.213,          0.227,          0.213,          0.228,          0.231        ],        "variance": 0.00013668571428571442      },      "times": {        "cycle": 0.2184,        "elapsed": 15.479,        "period": 0.2184,        "timeStamp": 1479033251934      }    },    {      "name": "sync: Monte Carlo Math.random (projects: 16, runs: 10,000)",      "stats": {        "moe": 0.010280570142213887,        "rme": 4.150172491089803,        "sem": 0.004759523213987911,        "deviation": 0.017808505191139915,        "mean": 0.24771428571428577,