{
	"benchmarks": [
		{
			"name": "sync: Mandelbrot 10000x10000, 1000",
			"stats": {
				"moe": 0.044499202071051465,
				"rme": 0.039524421264210366,
				"sem": 0.0160299719276122,
				"deviation": 0.03584410690755422,
				"mean": 112.5866,
				"sample": [
					112.57,
					112.635,
					112.578,
					112.608,
					112.542
				],
				"variance": 0.001284800000000176
			},
			"times": {
				"cycle": 112.5866,
				"elapsed": 1126.212,
				"period": 112.5866,
				"timeStamp": 1479448136614
			}
		},
		{
			"name": "sync: Knights Tour (5x5)",
			"stats": {
				"moe": 0.0010424578100404268,
				"rme": 0.4520632307200462,
				"sem": 0.000485994317035164,
				"deviation": 0.0018822478962286378,
				"mean": 0.23060000000000003,
				"sample": [
					0.235,
					0.232,
					0.231,
					0.232,
					0.233,
					0.23,
					0.231,
					0.23,
					0.231,
					0.228,
					0.229,
					0.228,
					0.229,
					0.23,
					0.23
				],
				"variance": 3.5428571428571327e-06
			},
			"times": {
				"cycle": 0.23060000000000003,
				"elapsed": 7.429,
				"period": 0.23060000000000003,
				"timeStamp": 1480574012035
			}
		},
		{
			"name": "sync: Knights Tour (6x6)",
			"stats": {
				"moe": 26.748919306622987,
				"rme": 1.0393799600000508,
				"sem": 9.635777848207129,
				"deviation": 21.54625428467779,
				"mean": 2573.5458,
				"sample": [
					2558.856,
					2607.183,
					2558.625,
					2559.722,
					2583.343
				],
				"variance": 464.24107369999604
			},
			"times": {
				"cycle": 2573.5458,
				"elapsed": 25407.419,
				"period": 2573.5458,
				"timeStamp": 1480574019473
			}
		},
		{
			"name": "sync: Monte Carlo Math.random (projects: 1, runs: 10,000)",
			"stats": {
				"moe": 0.0003726034531956639,
				"rme": 1.849804377567125,
				"sem": 0.00019010380265084892,
				"deviation": 0.0013307266185559425,
				"mean": 0.020142857142857153,
				"sample": [
					0.02325,
					0.02025,
					0.02,
					0.0205,
					0.02,
					0.02,
					0.02,
					0.02,
					0.02,
					0.02025,
					0.02025,
					0.02,
					0.02025,
					0.01975,
					0.01975,
					0.01975,
					0.02,
					0.0195,
					0.01975,
					0.02,
					0.02,
					0.02,
					0.01975,
					0.01975,
					0.01975,
					0.01975,
					0.02025,
					0.02,
					0.02,
					0.0195,
					0.01975,
					0.02,
					0.01975,
					0.02,
					0.0195,
					0.01975,
					0.0285,
					0.01975,
					0.0195,
					0.0205,
					0.01975,
					0.01975,
					0.01975,
					0.01975,
					0.0195,
					0.02,
					0.01975,
					0.02,
					0.01975
				],
				"variance": 1.7708333333333328e-06
			},
			"times": {
				"cycle": 0.08057142857142861,
				"elapsed": 6.081,
				"period": 0.020142857142857153,
				"timeStamp": 1479477747686
			}
		},
		{
			"name": "sync: Monte Carlo simjs (projects: 1, runs: 10,000)",
			"stats": {
				"moe": 0.0007522519603418992,
				"rme": 2.4692239919619587,
				"sem": 0.00038380202058260163,
				"deviation": 0.0025167581554733013,
				"mean": 0.030465116279069775,
				"sample": [
					0.029666666666666664,
					0.030333333333333334,
					0.029666666666666664,
					0.030666666666666665,
					0.03,
					0.029666666666666664,
					0.041666666666666664,
					0.03,
					0.029666666666666664,
					0.03,
					0.029666666666666664,
					0.030333333333333334,
					0.03,
					0.03,
					0.029666666666666664,
					0.029666666666666664,
					0.030333333333333334,
					0.030333333333333334,
					0.030333333333333334,
					0.03,
					0.03,
					0.029666666666666664,
					0.029666666666666664,
					0.030333333333333334,
					0.03,
					0.03,
					0.029666666666666664,
					0.03,
					0.03,
					0.041666666666666664,
					0.029666666666666664,
					0.029666666666666664,
					0.029666666666666664,
					0.029666666666666664,
					0.029666666666666664,
					0.029666666666666664,
					0.029666666666666664,
					0.03,
					0.03,
					0.03,
					0.03,
					0.029666666666666664,
					0.03
				],
				"variance": 6.334071613141374e-06
			},
			"times": {
				"cycle": 0.09139534883720932,
				"elapsed": 6.288,
				"period": 0.030465116279069775,
				"timeStamp": 1479477753778
			}
		},
		{
			"name": "sync: Monte Carlo Math.random (projects: 4, runs: 10,000)",
			"stats": {
				"moe": 0.001048482420067826,
				"rme": 2.9784947891286357,
				"sem": 0.0005349400102386867,
				"deviation": 0.0032975916898637277,
				"mean": 0.035201754385964915,
				"sample": [
					0.03233333333333333,
					0.03266666666666667,
					0.03266666666666667,
					0.03266666666666667,
					0.03266666666666667,
					0.03233333333333333,
					0.032,
					0.03233333333333333,
					0.03266666666666667,
					0.044333333333333336,
					0.03266666666666667,
					0.032,
					0.03166666666666667,
					0.032,
					0.03166666666666667,
					0.034333333333333334,
					0.03233333333333333,
					0.035666666666666666,
					0.036333333333333336,
					0.03666666666666667,
					0.036333333333333336,
					0.03666666666666667,
					0.037,
					0.03666666666666667,
					0.036,
					0.03666666666666667,
					0.036,
					0.03666666666666667,
					0.036333333333333336,
					0.03666666666666667,
					0.036333333333333336,
					0.036333333333333336,
					0.047999999999999994,
					0.036,
					0.036,
					0.036,
					0.036,
					0.036
				],
				"variance": 1.0874110953058315e-05
			},
			"times": {
				"cycle": 0.10560526315789474,
				"elapsed": 6.166,
				"period": 0.035201754385964915,
				"timeStamp": 1479477760074
			}
		},
		{
			"name": "sync: Monte Carlo simjs (projects: 4, runs: 10,000)",
			"stats": {
				"moe": 0.0006335111558728733,
				"rme": 1.498547973679181,
				"sem": 0.00032321997748615985,
				"deviation": 0.0020442226282492196,
				"mean": 0.04227499999999997,
				"sample": [
					0.038,
					0.038,
					0.038,
					0.038,
					0.0385,
					0.039,
					0.0395,
					0.038,
					0.045,
					0.0435,
					0.044,
					0.044,
					0.0435,
					0.0435,
					0.0435,
					0.044,
					0.0435,
					0.043,
					0.0435,
					0.0435,
					0.0435,
					0.0435,
					0.0435,
					0.043,
					0.043,
					0.043,
					0.0425,
					0.043,
					0.0425,
					0.043,
					0.043,
					0.043,
					0.043,
					0.0425,
					0.0425,
					0.043,
					0.043,
					0.043,
					0.043,
					0.043
				],
				"variance": 4.178846153846147e-06
			},
			"times": {
				"cycle": 0.08454999999999994,
				"elapsed": 6.002,
				"period": 0.04227499999999997,
				"timeStamp": 1479477766250
			}
		},
		{
			"name": "sync: Monte Carlo Math.random (projects: 8, runs: 10,000)",
			"stats": {
				"moe": 0.00012372058884444395,
				"rme": 0.2357903599053304,
				"sem": 6.312274941043059e-05,
				"deviation": 0.0003680657152825953,
				"mean": 0.052470588235294116,
				"sample": [
					0.0535,
					0.053,
					0.053,
					0.0525,
					0.052,
					0.0525,
					0.053,
					0.0525,
					0.0525,
					0.0525,
					0.0525,
					0.0525,
					0.0525,
					0.0525,
					0.0525,
					0.052,
					0.0515,
					0.052,
					0.0525,
					0.052,
					0.0525,
					0.0525,
					0.0525,
					0.053,
					0.0525,
					0.052,
					0.0525,
					0.052,
					0.0525,
					0.0525,
					0.0525,
					0.0525,
					0.0525,
					0.0525
				],
				"variance": 1.354723707664885e-07
			},
			"times": {
				"cycle": 0.10494117647058823,
				"elapsed": 6.176,
				"period": 0.052470588235294116,
				"timeStamp": 1479477772261
			}
		},
		{
			"name": "sync: Monte Carlo simjs (projects: 8, runs: 10,000)",
			"stats": {
				"moe": 0.0011693594268820137,
				"rme": 2.0674450086850484,
				"sem": 0.0005966119524908233,
				"deviation": 0.0034272747367569047,
				"mean": 0.056560606060606096,
				"sample": [
					0.057,
					0.057,
					0.057,
					0.056,
					0.056,
					0.056,
					0.056,
					0.056,
					0.0555,
					0.0755,
					0.0565,
					0.0555,
					0.056,
					0.0555,
					0.056,
					0.056,
					0.0555,
					0.0555,
					0.0555,
					0.0555,
					0.056,
					0.056,
					0.0555,
					0.0555,
					0.056,
					0.056,
					0.0565,
					0.056,
					0.056,
					0.0555,
					0.056,
					0.056,
					0.056
				],