{
	"benchmarks": [
		{
			"name": "parallel-dynamic: Knights Tour (5x5)",
			"stats": {
				"moe": 0.0032471745841394207,
				"rme": 2.8730145497529844,
				"sem": 0.0016567217266017452,
				"deviation": 0.01086385087406641,
				"mean": 0.11302325581395353,
				"sample": [
					0.123,
					0.087,
					0.095,
					0.104,
					0.095,
					0.09,
					0.086,
					0.086,
					0.114,
					0.124,
					0.124,
					0.111,
					0.113,
					0.129,
					0.134,
					0.122,
					0.116,
					0.116,
					0.114,
					0.124,
					0.117,
					0.116,
					0.113,
					0.115,
					0.117,
					0.112,
					0.117,
					0.112,
					0.12,
					0.117,
					0.113,
					0.113,
					0.113,
					0.114,
					0.119,
					0.114,
					0.115,
					0.113,
					0.115,
					0.118,
					0.114,
					0.123,
					0.113
				],
				"variance": 0.00011802325581395352
			},
			"times": {
				"cycle": 0.11302325581395353,
				"elapsed": 5.955,
				"period": 0.11302325581395353,
				"timeStamp": 1480524529697
			}
		},
		{
			"name": "parallel-dynamic: Knights Tour (6x6)",
			"stats": {
				"moe": 14.220801886630653,
				"rme": 2.03351854467635,
				"sem": 5.122767250227181,
				"deviation": 11.454855804417651,
				"mean": 699.32,
				"sample": [
					699.696,
					689.083,
					695.155,
					718.666,
					694
				],
				"variance": 131.21372150000073
			},
			"times": {
				"cycle": 699.32,
				"elapsed": 3496.812,
				"period": 699.32,
				"timeStamp": 1480524559653
			}
		}
	],
	"platform": {
		"description": "Firefox 50.0 32-bit on Windows 10 64-bit",
		"layout": "Gecko",
		"manufacturer": null,
		"name": "Firefox",
		"prerelease": null,
		"product": null,
		"ua": "Mozilla/5.0 (Windows NT 10.0; WOW64; rv:50.0) Gecko/20100101 Firefox/50.0",
		"version": "50.0",
		"os": {
			"architecture": 64,
			"family": "Windows",
			"version": "10"
		}
	}
}