{
	"benchmarks": [
		{
			"name": "parallel-dynamic: Knights Tour (5x5)",
			"stats": {
				"moe": 0.01183444486046666,
				"rme": 15.140887269615021,
				"sem": 0.006037982071666663,
				"deviation": 0.03672761110414639,
				"mean": 0.07816216216216215,
				"sample": [
					0.294,
					0.08,
					0.082,
					0.0715,
					0.073,
					0.0735,
					0.072,
					0.0705,
					0.072,
					0.07,
					0.076,
					0.0705,
					0.069,
					0.069,
					0.07,
					0.069,
					0.084,
					0.0765,
					0.068,
					0.0695,
					0.0715,
					0.0775,
					0.0695,
					0.0675,
					0.069,
					0.068,
					0.07,
					0.071,
					0.071,
					0.072,
					0.077,
					0.0685,
					0.0825,
					0.0705,
					0.0705,
					0.0675,
					0.0685
				],
				"variance": 0.0013489174174174173
			},
			"times": {
				"cycle": 0.1563243243243243,
				"elapsed": 6.035,
				"period": 0.07816216216216215,
				"timeStamp": 1480533974919
			}
		},
		{
			"name": "parallel-dynamic: Knights Tour (6x6)",
			"stats": {
				"moe": 58.382938446125316,
				"rme": 4.790685043830782,
				"sem": 21.031317884050907,
				"deviation": 47.02745644514487,
				"mean": 1218.6761999999999,
				"sample": [
					1214.913,
					1219.83,
					1275.568,
					1236.927,
					1146.143
				],
				"variance": 2211.5816596999975
			},
			"times": {
				"cycle": 1218.6761999999999,
				"elapsed": 6184.462,
				"period": 1218.6761999999999,
				"timeStamp": 1480534004609
			}
		}
	],
	"platform": {
		"description": "Safari 10.0.1 on OS X 10.12.1",
		"layout": "WebKit",
		"manufacturer": null,
		"name": "Safari",
		"prerelease": null,
		"product": null,
		"ua": "Mozilla/5.0 (Macintosh; Intel Mac OS X 10_12_1) AppleWebKit/602.2.14 (KHTML, like Gecko) Version/10.0.1 Safari/602.2.14",
		"version": "10.0.1",
		"os": {
			"architecture": 32,
			"family": "OS X",
			"version": "10.12.1"
		}
	}
}