{
    "benchmarks": [
        {
            "name": "parallel-dynamic: Monte Carlo Math.random (projects: 8, runs: 1,000,000)",
            "stats": {
                "moe": 0.07449297191279194,
                "rme": 1.5632268868101276,
                "sem": 0.02897431813021857,
                "deviation": 0.07097229506410706,
                "mean": 4.765333333333333,
                "sample": [
                    4.888,
                    4.799,
                    4.724,
                    4.685,
                    4.759,
                    4.737
                ],
                "variance": 0.005037066666666675
            },
            "times": {
                "cycle": 4.765333333333333,
                "elapsed": 28.698,
                "period": 4.765333333333333,
                "timeStamp": 1479277510546
            }
        },
        {
            "name": "parallel-dynamic: Monte Carlo Math.random (projects: 16, runs: 1,000,000)",
            "stats": {
                "moe": 0.20154486488283452,
                "rme": 2.4477745983972716,
                "sem": 0.07260261703272138,
                "deviation": 0.1623443870295491,
                "mean": 8.233799999999999,
                "sample": [
                    8.501,
                    8.219,
                    8.184,
                    8.206,
                    8.059
                ],
                "variance": 0.026355700000000024
            },
            "times": {
                "cycle": 8.233799999999999,
                "elapsed": 41.256,
                "period": 8.233799999999999,
                "timeStamp": 1479277789072
            }
        }
    ],
    "platform": {
        "description": "Chrome 54.0.2840.98 on OS X 10.12.1 64-bit",
        "layout": "Blink",
        "manufacturer": null,
        "name": "Chrome",
        "prerelease": null,
        "product": null,
        "ua": "Mozilla/5.0 (Macintosh; Intel Mac OS X 10_12_1) AppleWebKit/537.36 (KHTML, like Gecko) Chrome/54.0.2840.98 Safari/537.36",
        "version": "54.0.2840.98",
        "os": {
            "architecture": 64,
            "family": "OS X",
            "version": "10.12.1"
        }
    }
}