{
    "benchmarks": [
        {
            "name": "parallel-dynamic: Knights Tour (5x5)",
            "stats": {
                "moe": 0.002159409406481556,
                "rme": 2.256617546966256,
                "sem": 0.0011017394931028346,
                "deviation": 0.007944756469171949,
                "mean": 0.09569230769230769,
                "sample": [
                    0.14,
                    0.116,
                    0.095,
                    0.09,
                    0.09,
                    0.093,
                    0.1,
                    0.1,
                    0.094,
                    0.09,
                    0.09,
                    0.092,
                    0.093,
                    0.098,
                    0.093,
                    0.095,
                    0.11,
                    0.093,
                    0.098,
                    0.092,
                    0.091,
                    0.094,
                    0.093,
                    0.091,
                    0.093,
                    0.093,
                    0.092,
                    0.092,
                    0.092,
                    0.093,
                    0.091,
                    0.093,
                    0.094,
                    0.094,
                    0.096,
                    0.095,
                    0.093,
                    0.096,
                    0.107,
                    0.095,
                    0.098,
                    0.094,
                    0.092,
                    0.102,
                    0.094,
                    0.096,
                    0.095,
                    0.096,
                    0.092,
                    0.093,
                    0.092,
                    0.092
                ],
                "variance": 0.00006311915535444954
            },
            "times": {
                "cycle": 0.09569230769230769,
                "elapsed": 6.002,
                "period": 0.09569230769230769,
                "timeStamp": 1480493513194
            }
        },
		{
            "name": "parallel-dynamic: Knights Tour (6x6)",
            "stats": {
                "moe": 2.562735272496674,
                "rme": 0.2969570602428178,
                "sem": 0.9231755304382833,
                "deviation": 2.0642832412244276,
                "mean": 862.9985999999999,
                "sample": [
                    865.371,
                    863.385,
                    860.948,
                    860.799,
                    864.49
                ],
                "variance": 4.261265300000028
            },
            "times": {
                "cycle": 862.9985999999999,
                "elapsed": 4315.133,
                "period": 862.9985999999999,
                "timeStamp": 1480493542894
            }
        }
    ],
    "platform": {
        "description": "Chrome 54.0.2840.99 on Windows 10 64-bit",
        "layout": "Blink",
        "manufacturer": null,
        "name": "Chrome",
        "prerelease": null,
        "product": null,
        "ua": "Mozilla/5.0 (Windows NT 10.0; Win64; x64) AppleWebKit/537.36 (KHTML, like Gecko) Chrome/54.0.2840.99 Safari/537.36",
        "version": "54.0.2840.99",
        "os": {
            "architecture": 64,
            "family": "Windows",
            "version": "10"
        }
    }
}