{
    "benchmarks": [
        {
            "name": "parallel-dynamic: Mandelbrot 7000x7000, 1000",
            "stats": {
                "moe": 11.681522436872921,
                "rme": 17.847518993935875,
                "sem": 4.208041223657393,
                "deviation": 9.409466228219326,
                "mean": 65.4518,
                "sample": [
                    51.068,
                    60.627,
                    72.093,
                    71.063,
                    72.408
                ],
                "variance": 88.53805470000003
            },
            "times": {
                "cycle": 65.4518,
                "elapsed": 329.091,
                "period": 65.4518,
                "timeStamp": 1479247150100
            }
        },
        {
            "name": "parallel-dynamic: Knights Tour (5x5)",
            "stats": {
                "moe": 0.09441780197493363,
                "rme": 9.56291039584068,
                "sem": 0.0409444067540909,
                "deviation": 0.12283322026227271,
                "mean": 0.9873333333333333,
                "sample": [
                    0.879,
                    0.858,
                    0.938,
                    0.94,
                    1.042,
                    1.155,
                    1.121,
                    0.838,
                    1.115
                ],
                "variance": 0.015088000000000004
            },
            "times": {
                "cycle": 0.9873333333333333,
                "elapsed": 10.037,
                "period": 0.9873333333333333,
                "timeStamp": 1479247479256
            }
        },
        {
            "name": "parallel-dynamic: Knights Tour (6x6)",
            "stats": {
                "moe": 845.9070003997904,
                "rme": 6.791650307104584,
                "sem": 304.7215419307602,
                "deviation": 681.3780819657323,
                "mean": 12455.1024,
                "sample": [
                    13599.869,
                    11831.25,
                    12072.974,
                    12415.451,
                    12355.968
                ],
                "variance": 464276.0905833003
            },
            "times": {
                "cycle": 12455.1024,
                "elapsed": 62276.023,
                "period": 12455.1024,
                "timeStamp": 1479247489315
            }
        },
        {
            "name": "parallel-dynamic: Monte Carlo Math.random (projects: 1, runs: 10,000)",
            "stats": {
                "moe": 0.0038981545010694256,
                "rme": 3.0880068275014074,
                "sem": 0.001988854337280319,
                "deviation": 0.011596913966535971,
                "mean": 0.1262352941176471,
                "sample": [
                    0.183,
                    0.118,
                    0.128,
                    0.118,
                    0.117,
                    0.117,
                    0.12,
                    0.117,
                    0.128,
                    0.124,
                    0.136,
                    0.121,
                    0.12,
                    0.119,
                    0.137,
                    0.137,
                    0.122,
                    0.123,
                    0.123,
                    0.125,
                    0.123,
                    0.121,
                    0.124,
                    0.125,
                    0.123,
                    0.125,
                    0.123,
                    0.124,
                    0.136,
                    0.135,
                    0.129,
                    0.122,
                    0.122,
                    0.127
                ],
                "variance": 0.00013448841354723708
            },
            "times": {
                "cycle": 0.1262352941176471,
                "elapsed": 6.394,
                "period": 0.1262352941176471,
                "timeStamp": 1479309765358
            }
        },
        {
            "name": "parallel-dynamic: Monte Carlo Math.random (projects: 4, runs: 10,000)",
            "stats": {
                "moe": 0.005099555717482907,
                "rme": 3.097112372921557,
                "sem": 0.0024900174401772004,
                "deviation": 0.013409154287993405,
                "mean": 0.16465517241379307,
                "sample": [
                    0.194,
                    0.203,
                    0.162,
                    0.184,
                    0.149,
                    0.16,
                    0.149,
                    0.166,
                    0.154,
                    0.19,
                    0.185,
                    0.153,
                    0.166,
                    0.157,
                    0.155,
                    0.156,
                    0.156,
                    0.158,
                    0.16,
                    0.16,
                    0.159,
                    0.161,
                    0.163,
                    0.162,
                    0.163,
                    0.163,
                    0.167,
                    0.161,
                    0.159
                ],
                "variance": 0.0001798054187192119
            },
            "times": {
                "cycle": 0.16465517241379307,
                "elapsed": 6.515,
                "period": 0.16465517241379307,
                "timeStamp": 1479309771763
            }
        },
        {
            "name": "parallel-dynamic: Monte Carlo Math.random (projects: 8, runs: 10,000)",
            "stats": {
                "moe": 0.014959217436454052,
                "rme": 5.988249450353317,
                "sem": 0.007171245175673084,
                "deviation": 0.0328627738446088,
                "mean": 0.24980952380952387,
                "sample": [
                    0.222,
                    0.248,
                    0.243,
                    0.232,
                    0.23,
                    0.209,
                    0.199,
                    0.227,
                    0.234,
                    0.243,
                    0.225,
                    0.248,
                    0.229,
                    0.221,
                    0.292,
                    0.299,
                    0.295,
                    0.29,
                    0.305,
                    0.296,
                    0.259
                ],
                "variance": 0.0010799619047619042
            },
            "times": {
                "cycle": 0.24980952380952387,
                "elapsed": 6.666,
                "period": 0.24980952380952387,
                "timeStamp": 1479309778293
            }
        },
        {
            "name": "parallel-dynamic: Monte Carlo Math.random (projects: 16, runs: 10,000)",
            "stats": {
                "moe": 0.030751171691446855,
                "rme": 10.70723248309431,
                "sem": 0.014692389723577092,
                "deviation": 0.06570636434767545,
                "mean": 0.28719999999999996,
                "sample": [
                    0.313,
                    0.303,
                    0.327,
                    0.248,
                    0.227,
                    0.216,
                    0.229,
                    0.283,
                    0.272,
                    0.247,
                    0.26,
                    0.259,
                    0.271,
                    0.236,
                    0.271,
                    0.329,
                    0.35,
                    0.517,
                    0.273,
                    0.313
                ],
                "variance": 0.004317326315789474
            },
            "times": {
                "cycle": 0.28719999999999996,
                "elapsed": 7.064,
                "period": 0.28719999999999996,