{
    "benchmarks": [
        {
            "name": "parallel-dynamic: Mandelbrot 10000x10000, 1000",
            "stats": {
                "moe": 28.95321351379532,
                "rme": 3.6333426171513534,
                "sem": 10.429831957419063,
                "deviation": 23.32181325068872,
                "mean": 796.8754,
                "sample": [
                    797.924,
                    836.933,
                    783.909,
                    784.518,
                    781.093
                ],
                "variance": 543.9069733
            },
            "times": {
                "cycle": 796.8754,
                "elapsed": 3990.995,
                "period": 796.8754,
                "timeStamp": 1480889133384
            }
        },
        {
            "name": "parallel-dynamic: Mandelbrot 10000x10000, 1000 (1)",
            "stats": {
                "moe": 0.21932929879397295,
                "rme": 0.028751368724993117,
                "sem": 0.07900911339840525,
                "deviation": 0.17666974840082356,
                "mean": 762.8482,
                "sample": [
                    762.976,
                    762.988,
                    762.569,
                    762.78,
                    762.928
                ],
                "variance": 0.031212200000010293
            },
            "times": {
                "cycle": 762.8482,
                "elapsed": 3823.069,
                "period": 762.8482,
                "timeStamp": 1480893125381
            }
        },
        {
            "name": "parallel-dynamic: Mandelbrot 10000x10000, 1000 (150)",
            "stats": {
                "moe": 3.384263372951934,
                "rme": 0.44277110397009883,
                "sem": 1.2191150478933481,
                "deviation": 2.7260241194824384,
                "mean": 764.337,
                "sample": [
                    766.236,
                    766.179,
                    766.543,
                    761.66,
                    761.067
                ],
                "variance": 7.431207500000004
            },
            "times": {
                "cycle": 764.337,
                "elapsed": 3829.987,
                "period": 764.337,
                "timeStamp": 1480896949390
            }
        },
        {
            "name": "parallel-dynamic: Mandelbrot 10000x10000, 1000 (312)",
            "stats": {
                "moe": 9.31755985121542,
                "rme": 1.1823033203273934,
                "sem": 3.356469687037255,
                "deviation": 7.505294384632747,
                "mean": 788.0853999999999,
                "sample": [
                    780.183,
                    796.954,
                    780.326,
                    792.166,
                    790.798
                ],
                "variance": 56.329443799999844
            },
            "times": {
                "cycle": 788.0853999999999,
                "elapsed": 3947.994,
                "period": 788.0853999999999,
                "timeStamp": 1480900780383
            }
        },
        {
            "name": "parallel-dynamic: Mandelbrot 10000x10000, 1000 (625)",
            "stats": {
                "moe": 30.486566058086687,
                "rme": 3.8032446938307256,
                "sem": 10.982192384036992,
                "deviation": 24.556928712687192,
                "mean": 801.5935999999999,
                "sample": [
                    800.535,
                    787.276,
                    786.773,
                    789.029,
                    844.355
                ],
                "variance": 603.0427478000006
            },
            "times": {
                "cycle": 801.5935999999999,
                "elapsed": 4016,
                "period": 801.5935999999999,
                "timeStamp": 1480904729380
            }
        },
        {
            "name": "parallel-dynamic: Mandelbrot 10000x10000, 1000 (1250)",
            "stats": {
                "moe": 0.31307816119051474,
                "rme": 0.02636019250686118,
                "sem": 0.11278031743174162,
                "deviation": 0.25218445630137876,
                "mean": 1187.693,
                "sample": [
                    1187.637,
                    1187.292,
                    1187.73,
                    1187.924,
                    1187.882
                ],
                "variance": 0.06359700000002202
            },
            "times": {
                "cycle": 1187.693,
                "elapsed": 5944.993,
                "period": 1187.693,
                "timeStamp": 1480908746383
            }
        },
        {
            "name": "parallel-dynamic: Mandelbrot 10000x10000, 1000 (2500)",
            "stats": {
                "moe": 108.78791505119507,
                "rme": 5.419228635117029,
                "sem": 39.188730205761914,
                "deviation": 87.62866469198296,
                "mean": 2007.4428,
                "sample": [
                    1956.378,
                    1976.68,
                    2162.74,
                    1957.573,
                    1983.843
                ],
                "variance": 7678.782875699981
            },
            "times": {
                "cycle": 2007.4428,
                "elapsed": 10043.871,
                "period": 2007.4428,
                "timeStamp": 1480914692381
            }
        },
        {
            "name": "parallel-dynamic: Knights Tour (5x5)",
            "stats": {
                "moe": 0.010988256453699767,
                "rme": 3.2749313352203235,
                "sem": 0.005230012591004173,
                "deviation": 0.02279709635763251,
                "mean": 0.3355263157894736,
                "sample": [
                    0.402,
                    0.309,
                    0.315,
                    0.308,
                    0.325,
                    0.381,
                    0.328,
                    0.327,
                    0.327,
                    0.318,
                    0.335,
                    0.334,
                    0.329,
                    0.335,
                    0.343,
                    0.34,
                    0.334,
                    0.351,
                    0.334
                ],
                "variance": 0.0005197076023391815
            },
            "times": {
                "cycle": 0.3355263157894736,
                "elapsed": 6.854,
                "period": 0.3355263157894736,
                "timeStamp": 1480924745398
            }
        },
        {
            "name": "parallel-dynamic: Knights Tour (6x6)",
            "stats": {
                "moe": 16.189874788700777,
                "rme": 0.9998892509839491,
                "sem": 5.83208745990662,
                "deviation": 13.040944011075283,
                "mean": 1619.1668,
                "sample": [
                    1609.925,
                    1642.153,
                    1613.28,
                    1614.544,
                    1615.932
                ],
                "variance": 170.0662207000003
            },
            "times": {
                "cycle": 1619.1668,
                "elapsed": 8102.994,
                "period": 1619.1668,
                "timeStamp": 1480970788384
            }
        },
        {
            "name": "parallel-dynamic: Monte Carlo Math.random (projects: 1, runs: 10,000)",
            "stats": {
                "moe": 0.001756458603744098,
                "rme": 4.7301398664562795,
                "sem": 0.0007765068982069399,
                "deviation": 0.0024555304171664477,
                "mean": 0.037133333333333324,