{
    "benchmarks": [
        {
            "name": "parallel-dynamic: Monte Carlo Math.random (projects: 1, runs: 10,000)",
            "stats": {
                "moe": 0.03022012229886726,
                "rme": 38.01997849266563,
                "sem": 0.01541842974432003,
                "deviation": 0.08857213557749173,
                "mean": 0.07948484848484849,
                "sample": [
                    0.566,
                    0.122,
                    0.078,
                    0.083,
                    0.0565,
                    0.0825,
                    0.085,
                    0.055,
                    0.08,
                    0.054,
                    0.0675,
                    0.0575,
                    0.054,
                    0.0565,
                    0.0545,
                    0.055,
                    0.055,
                    0.0535,
                    0.052,
                    0.054,
                    0.0575,
                    0.0535,
                    0.056,
                    0.054,
                    0.07,
                    0.065,
                    0.0595,
                    0.06,
                    0.062,
                    0.0835,
                    0.0685,
                    0.0585,
                    0.0535
                ],
                "variance": 0.007845023200757577
            },
            "times": {
                "cycle": 0.15896969696969698,
                "elapsed": 7.467,
                "period": 0.07948484848484849,
                "timeStamp": 1478589006852
            }
        },
        {
            "name": "parallel-dynamic: Monte Carlo Math.random (projects: 4, runs: 10,000)",
            "stats": {
                "moe": 0.025182669602480442,
                "rme": 14.769894195003195,
                "sem": 0.01222459689440798,
                "deviation": 0.062333458110392044,
                "mean": 0.17049999999999998,
                "sample": [
                    0.36,
                    0.135,
                    0.104,
                    0.19,
                    0.189,
                    0.192,
                    0.179,
                    0.179,
                    0.213,
                    0.26,
                    0.24,
                    0.244,
                    0.232,
                    0.21,
                    0.126,
                    0.114,
                    0.116,
                    0.123,
                    0.175,
                    0.132,
                    0.151,
                    0.108,
                    0.133,
                    0.108,
                    0.109,
                    0.111
                ],
                "variance": 0.0038854599999999994
            },
            "times": {
                "cycle": 0.17049999999999998,
                "elapsed": 6.897,
                "period": 0.17049999999999998,
                "timeStamp": 1478589014332
            }
        },
        {
            "name": "parallel-dynamic: Monte Carlo Math.random (projects: 8, runs: 10,000)",
            "stats": {
                "moe": 0.026245235202606895,
                "rme": 14.953080960227897,
                "sem": 0.012815056251272898,
                "deviation": 0.06901118992580384,
                "mean": 0.17551724137931035,
                "sample": [
                    0.499,
                    0.206,
                    0.179,
                    0.165,
                    0.139,
                    0.159,
                    0.159,
                    0.162,
                    0.157,
                    0.165,
                    0.155,
                    0.178,
                    0.153,
                    0.149,
                    0.159,
                    0.148,
                    0.136,
                    0.154,
                    0.164,
                    0.146,
                    0.142,
                    0.152,
                    0.142,
                    0.141,
                    0.173,
                    0.169,
                    0.163,
                    0.299,
                    0.177
                ],
                "variance": 0.004762544334975368
            },
            "times": {
                "cycle": 0.17551724137931035,
                "elapsed": 7.04,
                "period": 0.17551724137931035,
                "timeStamp": 1478589021239
            }
        },
        {
            "name": "parallel-dynamic: Monte Carlo Math.random (projects: 16, runs: 10,000)",
            "stats": {
                "moe": 0.005073476832694699,
                "rme": 2.7589904226134316,
                "sem": 0.0024676443738787445,
                "deviation": 0.012822256291708429,
                "mean": 0.18388888888888888,
                "sample": [
                    0.216,
                    0.182,
                    0.194,
                    0.209,
                    0.175,
                    0.192,
                    0.197,
                    0.208,
                    0.173,
                    0.185,
                    0.175,
                    0.179,
                    0.189,
                    0.181,
                    0.177,
                    0.194,
                    0.182,
                    0.18,
                    0.186,
                    0.165,
                    0.178,
                    0.186,
                    0.164,
                    0.171,
                    0.173,
                    0.179,
                    0.175
                ],
                "variance": 0.0001644102564102564
            },
            "times": {
                "cycle": 0.18388888888888888,
                "elapsed": 6.808,
                "period": 0.18388888888888888,
                "timeStamp": 1478589028335
            }
        },
        {
            "name": "parallel-dynamic: Monte Carlo Math.random (projects: 1, runs: 100,000)",
            "stats": {
                "moe": 0.04319056245371415,
                "rme": 7.401981568759923,
                "sem": 0.019623154227039596,
                "deviation": 0.06797660025198511,
                "mean": 0.5835,
                "sample": [
                    0.552,
                    0.558,
                    0.555,
                    0.554,
                    0.552,
                    0.554,
                    0.563,
                    0.796,
                    0.579,
                    0.579,
                    0.58,
                    0.58
                ],
                "variance": 0.004620818181818182
            },
            "times": {
                "cycle": 0.5835,
                "elapsed": 8.102,
                "period": 0.5835,
                "timeStamp": 1478589035152
            }
        },
        {
            "name": "parallel-dynamic: Monte Carlo Math.random (projects: 4, runs: 100,000)",
            "stats": {
                "moe": 0.017780496687100713,
                "rme": 2.1528631416758337,
                "sem": 0.007860520197657256,
                "deviation": 0.02485714741835388,
                "mean": 0.8259000000000001,
                "sample": [
                    0.881,
                    0.847,
                    0.827,
                    0.818,
                    0.802,
                    0.804,
                    0.821,
                    0.843,
                    0.81,
                    0.806
                ],
                "variance": 0.0006178777777777768
            },
            "times": {
                "cycle": 0.8259000000000001,
                "elapsed": 9.265,
                "period": 0.8259000000000001,
                "timeStamp": 1478589043341
            }
        },
        {
            "name": "parallel-dynamic: Monte Carlo Math.random (projects: 8, runs: 100,000)",
            "stats": {
                "moe": 0.07376692152573484,
                "rme": 5.217819382899017,