{
    "benchmarks": [
        {
            "name": "paralleljs: Mandelbrot 10000x10000, 1000",
            "stats": {
                "moe": 0.09197990206213617,
                "rme": 0.3597799467336427,
                "sem": 0.03313397048347845,
                "deviation": 0.07408981036552939,
                "mean": 25.5656,
                "sample": [
                    25.435,
                    25.602,
                    25.59,
                    25.617,
                    25.584
                ],
                "variance": 0.005489300000000107
            },
            "times": {
                "cycle": 25.5656,
                "elapsed": 128.004,
                "period": 25.5656,
                "timeStamp": 1479254418157
            }
        },
        {
            "name": "paralleljs: Knights Tour (5x5)",
            "stats": {
                "moe": 0.004597005165342368,
                "rme": 3.920890613252279,
                "sem": 0.0023454107986440654,
                "deviation": 0.015017956731534549,
                "mean": 0.1172439024390244,
                "sample": [
                    0.135,
                    0.108,
                    0.106,
                    0.114,
                    0.111,
                    0.106,
                    0.116,
                    0.145,
                    0.107,
                    0.119,
                    0.114,
                    0.11,
                    0.121,
                    0.116,
                    0.12,
                    0.121,
                    0.122,
                    0.122,
                    0.121,
                    0.122,
                    0.121,
                    0.117,
                    0.109,
                    0.107,
                    0.118,
                    0.114,
                    0.11,
                    0.121,
                    0.115,
                    0.109,
                    0.108,
                    0.198,
                    0.109,
                    0.111,
                    0.112,
                    0.113,
                    0.111,
                    0.114,
                    0.113,
                    0.11,
                    0.111
                ],
                "variance": 0.0002255390243902439
            },
            "times": {
                "cycle": 0.1172439024390244,
                "elapsed": 5.826,
                "period": 0.1172439024390244,
                "timeStamp": 1479255125621
            }
        },
        {
            "name": "paralleljs: Knights Tour (6x6)",
            "stats": {
                "moe": 1.035722586648001,
                "rme": 0.10566182695465536,
                "sem": 0.37309891449855953,
                "deviation": 0.834274535150161,
                "mean": 980.2240000000002,
                "sample": [
                    980.071,
                    979.885,
                    981.59,
                    980.233,
                    979.341
                ],
                "variance": 0.6960140000000173
            },
            "times": {
                "cycle": 980.2240000000002,
                "elapsed": 4901.244,
                "period": 980.2240000000002,
                "timeStamp": 1479264894786
            }
        },
        {
            "name": "paralleljs: Monte Carlo simjs (projects: 1, runs: 10.000)",
            "stats": {
                "moe": 0.017550359374588397,
                "rme": 8.964937531715512,
                "sem": 0.008582082823759607,
                "deviation": 0.0470060035295077,
                "mean": 0.19576666666666664,
                "sample": [
                    0.444,
                    0.197,
                    0.188,
                    0.198,
                    0.189,
                    0.187,
                    0.186,
                    0.185,
                    0.186,
                    0.188,
                    0.187,
                    0.186,
                    0.184,
                    0.185,
                    0.189,
                    0.192,
                    0.188,
                    0.187,
                    0.188,
                    0.188,
                    0.186,
                    0.187,
                    0.186,
                    0.187,
                    0.185,
                    0.183,
                    0.184,
                    0.185,
                    0.185,
                    0.183
                ],
                "variance": 0.0022095643678160903
            },
            "times": {
                "cycle": 0.19576666666666664,
                "elapsed": 6.515,
                "period": 0.19576666666666664,
                "timeStamp": 1479552963082
            }
        },
        {
            "name": "paralleljs: Monte Carlo simjs (projects: 4, runs: 10.000)",
            "stats": {
                "moe": 0.00322741672648575,
                "rme": 1.4137974095346721,
                "sem": 0.0015636708946151889,
                "deviation": 0.007818354473075944,
                "mean": 0.22828000000000004,
                "sample": [
                    0.234,
                    0.24,
                    0.222,
                    0.225,
                    0.239,
                    0.227,
                    0.226,
                    0.227,
                    0.231,
                    0.25,
                    0.219,
                    0.221,
                    0.229,
                    0.223,
                    0.22,
                    0.22,
                    0.228,
                    0.229,
                    0.223,
                    0.226,
                    0.237,
                    0.24,
                    0.228,
                    0.222,
                    0.221
                ],
                "variance": 0.00006112666666666664
            },
            "times": {
                "cycle": 0.22828000000000004,
                "elapsed": 6.175,
                "period": 0.22828000000000004,
                "timeStamp": 1479552969603
            }
        },
        {
            "name": "paralleljs: Monte Carlo simjs (projects: 8, runs: 10.000)",
            "stats": {
                "moe": 0.003766067600017064,
                "rme": 1.4414970011714507,
                "sem": 0.0018158474445598189,
                "deviation": 0.008708498416146824,
                "mean": 0.2612608695652174,
                "sample": [
                    0.272,
                    0.262,
                    0.266,
                    0.245,
                    0.27,
                    0.272,
                    0.261,
                    0.258,
                    0.261,
                    0.253,
                    0.264,
                    0.266,
                    0.261,
                    0.281,
                    0.264,
                    0.26,
                    0.246,
                    0.253,
                    0.266,
                    0.246,
                    0.263,
                    0.26,
                    0.259
                ],
                "variance": 0.00007583794466403174
            },
            "times": {
                "cycle": 0.2612608695652174,
                "elapsed": 6.423,
                "period": 0.2612608695652174,
                "timeStamp": 1479552975785
            }
        },
        {
            "name": "paralleljs: Monte Carlo simjs (projects: 16, runs: 10.000)",
            "stats": {
                "moe": 0.004756037534367906,
                "rme": 1.398185256892932,
                "sem": 0.0022637018250204217,
                "deviation": 0.009867247493572612,
                "mean": 0.34015789473684216,