{
    "benchmarks": [
        {
            "name": "paralleljs: Mandelbrot 10000x10000, 1000",
            "stats": {
                "moe": 0.09197990206213617,
                "rme": 0.3597799467336427,
                "sem": 0.03313397048347845,
                "deviation": 0.07408981036552939,
                "mean": 25.5656,
                "sample": [
                    25.435,
                    25.602,
                    25.59,
                    25.617,
                    25.584
                ],
                "variance": 0.005489300000000107
            },
            "times": {
                "cycle": 25.5656,
                "elapsed": 128.004,
                "period": 25.5656,
                "timeStamp": 1479254418157
            }
        },
        {
            "name": "paralleljs: Knights Tour (5x5)",
            "stats": {
                "moe": 0.004597005165342368,
                "rme": 3.920890613252279,
                "sem": 0.0023454107986440654,
                "deviation": 0.015017956731534549,
                "mean": 0.1172439024390244,
                "sample": [
                    0.135,
                    0.108,
                    0.106,
                    0.114,
                    0.111,
                    0.106,
                    0.116,
                    0.145,
                    0.107,
                    0.119,
                    0.114,
                    0.11,
                    0.121,
                    0.116,
                    0.12,
                    0.121,
                    0.122,
                    0.122,
                    0.121,
                    0.122,
                    0.121,
                    0.117,
                    0.109,
                    0.107,
                    0.118,
                    0.114,
                    0.11,
                    0.121,
                    0.115,
                    0.109,
                    0.108,
                    0.198,
                    0.109,
                    0.111,
                    0.112,
                    0.113,
                    0.111,
                    0.114,
                    0.113,
                    0.11,
                    0.111
                ],
                "variance": 0.0002255390243902439
            },
            "times": {
                "cycle": 0.1172439024390244,
                "elapsed": 5.826,
                "period": 0.1172439024390244,
                "timeStamp": 1479255125621
            }
        },
        {
            "name": "paralleljs: Knights Tour (6x6)",
            "stats": {
                "moe": 1.035722586648001,
                "rme": 0.10566182695465536,
                "sem": 0.37309891449855953,
                "deviation": 0.834274535150161,
                "mean": 980.2240000000002,
                "sample": [
                    980.071,
                    979.885,
                    981.59,
                    980.233,
                    979.341
                ],
                "variance": 0.6960140000000173
            },
            "times": {
                "cycle": 980.2240000000002,
                "elapsed": 4901.244,
                "period": 980.2240000000002,
                "timeStamp": 1479264894786
            }
        },
        {
            "name": "paralleljs: Monte Carlo simjs (projects: 1, runs: 10.000)",
            "stats": {
                "moe": 0.028851511459010028,
                "rme": 13.70153190047966,
                "sem": 0.014060190769498064,
                "deviation": 0.07439953632443552,
                "mean": 0.21057142857142858,
                "sample": [
                    0.587,
                    0.237,
                    0.208,
                    0.194,
                    0.2,
                    0.192,
                    0.189,
                    0.188,
                    0.189,
                    0.188,
                    0.187,
                    0.2,
                    0.201,
                    0.199,
                    0.199,
                    0.197,
                    0.195,
                    0.191,
                    0.187,
                    0.187,
                    0.2,
                    0.2,
                    0.201,
                    0.2,
                    0.197,
                    0.197,
                    0.195,
                    0.191
                ],
                "variance": 0.005535291005291001
            },
            "times": {
                "cycle": 0.21057142857142858,
                "elapsed": 6.589,
                "period": 0.21057142857142858,
                "timeStamp": 1479280768626
            }
        },
        {
            "name": "paralleljs: Monte Carlo simjs (projects: 4, runs: 10.000)",
            "stats": {
                "moe": 0.006139115232768467,
                "rme": 2.5097698249853315,
                "sem": 0.0029600362742374484,
                "deviation": 0.014195835274137088,
                "mean": 0.24460869565217394,
                "sample": [
                    0.232,
                    0.236,
                    0.252,
                    0.239,
                    0.24,
                    0.269,
                    0.247,
                    0.248,
                    0.233,
                    0.245,
                    0.246,
                    0.237,
                    0.247,
                    0.237,
                    0.238,
                    0.235,
                    0.236,
                    0.236,
                    0.256,
                    0.233,
                    0.24,
                    0.296,
                    0.248
                ],
                "variance": 0.0002015217391304348
            },
            "times": {
                "cycle": 0.24460869565217394,
                "elapsed": 6.216,
                "period": 0.24460869565217394,
                "timeStamp": 1479280799112
            }
        },
        {
            "name": "paralleljs: Monte Carlo simjs (projects: 8, runs: 10.000)",
            "stats": {
                "moe": 0.0045325833742408325,
                "rme": 1.605130705886298,
                "sem": 0.002172858760422259,
                "deviation": 0.00995728974408292,
                "mean": 0.2823809523809524,
                "sample": [
                    0.28,
                    0.288,
                    0.279,
                    0.291,
                    0.278,
                    0.286,
                    0.282,
                    0.275,
                    0.286,
                    0.28,
                    0.274,
                    0.278,
                    0.276,
                    0.274,
                    0.289,
                    0.32,
                    0.279,
                    0.28,
                    0.274,
                    0.28,
                    0.281
                ],
                "variance": 0.00009914761904761889
            },
            "times": {
                "cycle": 0.2823809523809524,
                "elapsed": 6.452,
                "period": 0.2823809523809524,
                "timeStamp": 1479280828944
            }
        },
        {
            "name": "paralleljs: Monte Carlo simjs (projects: 16, runs: 10.000)",
            "stats": {
                "moe": 0.004555726357789588,
                "rme": 1.302256224237138,
                "sem": 0.002159112017909758,
                "deviation": 0.00916033649523216,
                "mean": 0.3498333333333334,