{
    "benchmarks": [
        {
            "name": "paralleljs: Mandelbrot 10000x10000, 1000",
            "stats": {
                "moe": 0.1104659662339487,
                "rme": 0.3722149950601412,
                "sem": 0.03979321550214291,
                "deviation": 0.08898033490608998,
                "mean": 29.677999999999997,
                "sample": [
                    29.705,
                    29.604,
                    29.626,
                    29.633,
                    29.822
                ],
                "variance": 0.007917499999999935
            },
            "times": {
                "cycle": 29.677999999999997,
                "elapsed": 149.177,
                "period": 29.677999999999997,
                "timeStamp": 1478799038135
            }
        },
        {
            "name": "paralleljs: Knights Tour (5x5)",
            "stats": {
                "moe": 0.005135750945847917,
                "rme": 3.4818650480324864,
                "sem": 0.002620281094820366,
                "deviation": 0.015721686568922196,
                "mean": 0.1475,
                "sample": [
                    0.14,
                    0.231,
                    0.144,
                    0.143,
                    0.156,
                    0.143,
                    0.146,
                    0.137,
                    0.149,
                    0.15,
                    0.162,
                    0.143,
                    0.141,
                    0.136,
                    0.148,
                    0.142,
                    0.157,
                    0.134,
                    0.148,
                    0.148,
                    0.143,
                    0.142,
                    0.157,
                    0.139,
                    0.14,
                    0.141,
                    0.144,
                    0.143,
                    0.156,
                    0.139,
                    0.139,
                    0.144,
                    0.143,
                    0.142,
                    0.154,
                    0.146
                ],
                "variance": 0.0002471714285714286
            },
            "times": {
                "cycle": 0.1475,
                "elapsed": 6.262,
                "period": 0.1475,
                "timeStamp": 1478799187436
            }
        },
        {
            "name": "paralleljs: Knights Tour (6x6)",
            "stats": {
                "moe": 15.123495823683728,
                "rme": 1.6498965042371077,
                "sem": 5.4479451814422655,
                "deviation": 12.181975763397332,
                "mean": 916.633,
                "sample": [
                    932.389,
                    912.434,
                    924.977,
                    912.163,
                    901.202
                ],
                "variance": 148.40053350000002
            },
            "times": {
                "cycle": 916.633,
                "elapsed": 4583.348,
                "period": 916.633,
                "timeStamp": 1478799193709
            }
        },
        {
            "name": "paralleljs: Monte Carlo simjs (projects: 1, runs: 10,000)",
            "stats": {
                "moe": 0.024030550179900537,
                "rme": 34.23155296282127,
                "sem": 0.01226048478566354,
                "deviation": 0.07754211428107623,
                "mean": 0.07020000000000001,
                "sample": [
                    0.547,
                    0.053,
                    0.049,
                    0.0505,
                    0.055,
                    0.053,
                    0.058,
                    0.0525,
                    0.062,
                    0.0525,
                    0.0615,
                    0.065,
                    0.0655,
                    0.054,
                    0.0625,
                    0.061,
                    0.0645,
                    0.0585,
                    0.0535,
                    0.0715,
                    0.053,
                    0.057,
                    0.052,
                    0.0605,
                    0.052,
                    0.0505,
                    0.0595,
                    0.058,
                    0.064,
                    0.06,
                    0.0475,
                    0.0585,
                    0.0655,
                    0.072,
                    0.061,
                    0.0615,
                    0.053,
                    0.0595,
                    0.0525,
                    0.0605
                ],
                "variance": 0.006012779487179485
            },
            "times": {
                "cycle": 0.14040000000000002,
                "elapsed": 6.665,
                "period": 0.07020000000000001,
                "timeStamp": 1478803777065
            }
        },
        {
            "name": "paralleljs: Monte Carlo simjs (projects: 4, runs: 10,000)",
            "stats": {
                "moe": 0.0018505295422761873,
                "rme": 1.4588771406664909,
                "sem": 0.000944147725651116,
                "deviation": 0.005896200656883619,
                "mean": 0.12684615384615386,
                "sample": [
                    0.116,
                    0.13,
                    0.126,
                    0.124,
                    0.13,
                    0.123,
                    0.123,
                    0.124,
                    0.136,
                    0.128,
                    0.125,
                    0.12,
                    0.125,
                    0.127,
                    0.142,
                    0.126,
                    0.133,
                    0.118,
                    0.128,
                    0.125,
                    0.121,
                    0.136,
                    0.126,
                    0.125,
                    0.128,
                    0.122,
                    0.125,
                    0.14,
                    0.125,
                    0.127,
                    0.124,
                    0.12,
                    0.13,
                    0.142,
                    0.126,
                    0.123,
                    0.126,
                    0.128,
                    0.124
                ],
                "variance": 0.000034765182186234825
            },
            "times": {
                "cycle": 0.12684615384615386,
                "elapsed": 6.297,
                "period": 0.12684615384615386,
                "timeStamp": 1478803783745
            }
        },
        {
            "name": "paralleljs: Monte Carlo simjs (projects: 8, runs: 10,000)",
            "stats": {
                "moe": 0.003022035941971554,
                "rme": 1.5322999142390974,
                "sem": 0.0014698618394803277,
                "deviation": 0.0076376261582597315,
                "mean": 0.19722222222222227,
                "sample": [
                    0.215,
                    0.19,
                    0.194,
                    0.184,
                    0.195,
                    0.2,
                    0.193,
                    0.193,
                    0.189,
                    0.206,
                    0.192,
                    0.195,
                    0.21,
                    0.191,
                    0.195,
                    0.201,
                    0.202,
                    0.202,
                    0.204,
                    0.189,
                    0.202,
                    0.19,
                    0.213,
                    0.193,
                    0.194,
                    0.198,
                    0.195
                ],
                "variance": 0.000058333333333333306
            },
            "times": {
                "cycle": 0.19722222222222227,
                "elapsed": 6.313,
                "period": 0.19722222222222227,