{
    "benchmarks": [
        {
            "name": "paralleljs: Mandelbrot 10000x10000, 1000",
            "stats": {
                "moe": 0.6157609791183577,
                "rme": 1.9398934506910646,
                "sem": 0.2218159146679963,
                "deviation": 0.49599546368893244,
                "mean": 31.742,
                "sample": [
                    32.406,
                    31.907,
                    31.596,
                    31.762,
                    31.039
                ],
                "variance": 0.24601149999999908
            },
            "times": {
                "cycle": 31.742,
                "elapsed": 158.805,
                "period": 31.742,
                "timeStamp": 1479753471324
            }
        },
        {
            "name": "paralleljs: Knights Tour (5x5)",
            "stats": {
                "moe": 0.019328311548951534,
                "rme": 6.2783378581281095,
                "sem": 0.009265729409852127,
                "deviation": 0.04246090638962587,
                "mean": 0.30785714285714283,
                "sample": [
                    0.298,
                    0.41,
                    0.304,
                    0.424,
                    0.324,
                    0.366,
                    0.294,
                    0.294,
                    0.296,
                    0.263,
                    0.308,
                    0.293,
                    0.289,
                    0.308,
                    0.281,
                    0.294,
                    0.291,
                    0.299,
                    0.251,
                    0.294,
                    0.284
                ],
                "variance": 0.0018029285714285712
            },
            "times": {
                "cycle": 0.30785714285714283,
                "elapsed": 6.831,
                "period": 0.30785714285714283,
                "timeStamp": 1479754111424
            }
        },
        {
            "name": "paralleljs: Knights Tour (6x6)",
            "stats": {
                "moe": 6.435171848621346,
                "rme": 0.863333681513554,
                "sem": 2.318145478609995,
                "deviation": 5.183530871905734,
                "mean": 745.3864,
                "sample": [
                    743.33,
                    744.098,
                    748.553,
                    752.241,
                    738.71
                ],
                "variance": 26.86899229999981
            },
            "times": {
                "cycle": 745.3864,
                "elapsed": 3727.019,
                "period": 745.3864,
                "timeStamp": 1479773082774
            }
        },
        {
            "name": "paralleljs: Monte Carlo simjs (projects: 1, runs: 10,000)",
            "stats": {
                "moe": 0.019747189979686847,
                "rme": 25.68418906812698,
                "sem": 0.010075096928411657,
                "deviation": 0.06291896015160064,
                "mean": 0.07688461538461534,
                "sample": [
                    0.459,
                    0.068,
                    0.0655,
                    0.065,
                    0.065,
                    0.0675,
                    0.064,
                    0.0685,
                    0.066,
                    0.0645,
                    0.0635,
                    0.065,
                    0.0655,
                    0.07,
                    0.066,
                    0.065,
                    0.065,
                    0.079,
                    0.0735,
                    0.0705,
                    0.066,
                    0.081,
                    0.0695,
                    0.0645,
                    0.0655,
                    0.064,
                    0.0645,
                    0.065,
                    0.064,
                    0.066,
                    0.066,
                    0.0645,
                    0.066,
                    0.065,
                    0.073,
                    0.0645,
                    0.065,
                    0.065,
                    0.0635
                ],
                "variance": 0.003958795546558709
            },
            "times": {
                "cycle": 0.15376923076923069,
                "elapsed": 6.448,
                "period": 0.07688461538461534,
                "timeStamp": 1479785072108
            }
        },
        {
            "name": "paralleljs: Monte Carlo simjs (projects: 4, runs: 10,000)",
            "stats": {
                "moe": 0.0037925348689842485,
                "rme": 1.9924549130533191,
                "sem": 0.001851823666496215,
                "deviation": 0.009972375637834199,
                "mean": 0.19034482758620688,
                "sample": [
                    0.176,
                    0.187,
                    0.194,
                    0.206,
                    0.206,
                    0.202,
                    0.19,
                    0.185,
                    0.201,
                    0.178,
                    0.193,
                    0.19,
                    0.193,
                    0.214,
                    0.187,
                    0.179,
                    0.188,
                    0.176,
                    0.186,
                    0.176,
                    0.181,
                    0.188,
                    0.191,
                    0.2,
                    0.179,
                    0.185,
                    0.194,
                    0.201,
                    0.194
                ],
                "variance": 0.00009944827586206904
            },
            "times": {
                "cycle": 0.19034482758620688,
                "elapsed": 6.011,
                "period": 0.19034482758620688,
                "timeStamp": 1479785109211
            }
        },
        {
            "name": "paralleljs: Monte Carlo simjs (projects: 8, runs: 10,000)",
            "stats": {
                "moe": 0.004287636600891194,
                "rme": 1.9343840295535486,
                "sem": 0.0020813769907238803,
                "deviation": 0.010612981890844093,
                "mean": 0.22165384615384623,
                "sample": [
                    0.205,
                    0.215,
                    0.21,
                    0.216,
                    0.21,
                    0.216,
                    0.218,
                    0.241,
                    0.22,
                    0.217,
                    0.228,
                    0.216,
                    0.216,
                    0.207,
                    0.221,
                    0.227,
                    0.236,
                    0.217,
                    0.218,
                    0.242,
                    0.223,
                    0.232,
                    0.218,
                    0.227,
                    0.246,
                    0.221
                ],
                "variance": 0.00011263538461538466
            },
            "times": {
                "cycle": 0.22165384615384623,
                "elapsed": 6.198,
                "period": 0.22165384615384623,
                "timeStamp": 1479785146261
            }
        },
        {
            "name": "paralleljs: Monte Carlo simjs (projects: 16, runs: 10,000)",
            "stats": {
                "moe": 0.020593814839520247,
                "rme": 7.31264984156113,
                "sem": 0.009872394458063398,
                "deviation": 0.045240994894538054,
                "mean": 0.2816190476190476,