{
    "benchmarks": [
        {
            "name": "paralleljs: Mandelbrot 10000x10000, 1000",
            "stats": {
                "moe": 9.146183171900644,
                "rme": 2.3892725669930264,
                "sem": 3.2947345720103187,
                "deviation": 7.367250470833749,
                "mean": 382.80199999999996,
                "sample": [
                    370.051,
                    382.988,
                    387.04,
                    386.003,
                    387.928
                ],
                "variance": 54.2763795000001
            },
            "times": {
                "cycle": 382.80199999999996,
                "elapsed": 1915.421,
                "period": 382.80199999999996,
                "timeStamp": 1480024252792
            }
        },
        {
            "name": "paralleljs: Knights Tour (5x5)",
            "stats": {
                "moe": 0.14022079493936107,
                "rme": 8.607123145207462,
                "sem": 0.0592899767185459,
                "deviation": 0.16769737837630533,
                "mean": 1.6291250000000002,
                "sample": [
                    1.675,
                    1.637,
                    1.629,
                    1.75,
                    1.293,
                    1.497,
                    1.833,
                    1.719
                ],
                "variance": 0.028122410714285718
            },
            "times": {
                "cycle": 1.6291250000000002,
                "elapsed": 14.563,
                "period": 1.6291250000000002,
                "timeStamp": 1480026168265
            }
        },
        {
            "name": "paralleljs: Knights Tour (6x6)",
            "stats": {
                "moe": 1565.476683182996,
                "rme": 11.903884311523491,
                "sem": 563.9325227604453,
                "deviation": 1260.991455615303,
                "mean": 13150.973600000001,
                "sample": [
                    13667.226,
                    13824.369,
                    13652.127,
                    13712.673,
                    10898.473
                ],
                "variance": 1590099.4511348007
            },
            "times": {
                "cycle": 13150.973600000001,
                "elapsed": 65755.455,
                "period": 13150.973600000001,
                "timeStamp": 1480026182866
            }
        },
        {
            "name": "paralleljs: Monte Carlo simjs (projects: 1, runs: 10,000)",
            "stats": {
                "moe": 0.15139562739135573,
                "rme": 13.14959126155377,
                "sem": 0.06565291734230518,
                "deviation": 0.1969587520269155,
                "mean": 1.1513333333333333,
                "sample": [
                    1.663,
                    1.093,
                    1.058,
                    1.078,
                    1.189,
                    1.053,
                    1.067,
                    1.043,
                    1.118
                ],
                "variance": 0.03879275
            },
            "times": {
                "cycle": 1.1513333333333333,
                "elapsed": 10.996,
                "period": 1.1513333333333333,
                "timeStamp": 1480091938365
            }
        },
        {
            "name": "paralleljs: Monte Carlo simjs (projects: 4, runs: 10,000)",
            "stats": {
                "moe": 0.1075255570066866,
                "rme": 7.643544127008113,
                "sem": 0.04546535179986748,
                "deviation": 0.1285954342668732,
                "mean": 1.4067499999999997,
                "sample": [
                    1.313,
                    1.282,
                    1.276,
                    1.389,
                    1.43,
                    1.418,
                    1.478,
                    1.668
                ],
                "variance": 0.01653678571428571
            },
            "times": {
                "cycle": 1.4067499999999997,
                "elapsed": 11.857,
                "period": 1.4067499999999997,
                "timeStamp": 1480091949368
            }
        },
        {
            "name": "paralleljs: Monte Carlo simjs (projects: 8, runs: 10,000)",
            "stats": {
                "moe": 0.1033715282906413,
                "rme": 5.3011040149046815,
                "sem": 0.04224418810406265,
                "deviation": 0.11176761606118293,
                "mean": 1.9500000000000004,
                "sample": [
                    1.773,
                    2.022,
                    2.076,
                    1.871,
                    1.989,
                    1.874,
                    2.045
                ],
                "variance": 0.012491999999999998
            },
            "times": {
                "cycle": 1.9500000000000004,
                "elapsed": 14.239,
                "period": 1.9500000000000004,
                "timeStamp": 1480091961239
            }
        },
        {
            "name": "paralleljs: Monte Carlo simjs (projects: 16, runs: 10,000)",
            "stats": {
                "moe": 0.11209874491001225,
                "rme": 4.147197369959757,
                "sem": 0.04360122322443105,
                "deviation": 0.10680074906104355,
                "mean": 2.703,
                "sample": [
                    2.515,
                    2.736,
                    2.694,
                    2.784,
                    2.672,
                    2.817
                ],
                "variance": 0.011406399999999994
            },
            "times": {
                "cycle": 2.703,
                "elapsed": 16.712,
                "period": 2.703,
                "timeStamp": 1480091975497
            }
        },
        {
            "name": "paralleljs: Monte Carlo simjs (projects: 1, runs: 100,000)",
            "stats": {
                "moe": 0.25660873120733857,
                "rme": 3.273404571988705,
                "sem": 0.09243830374904129,
                "deviation": 0.20669833090762998,
                "mean": 7.8392,
                "sample": [
                    8.191,
                    7.783,
                    7.753,
                    7.82,
                    7.649
                ],
                "variance": 0.04272420000000011
            },
            "times": {
                "cycle": 7.8392,
                "elapsed": 39.599,
                "period": 7.8392,
                "timeStamp": 1480091992224
            }
        },
        {
            "name": "paralleljs: Monte Carlo simjs (projects: 4, runs: 100,000)",
            "stats": {
                "moe": 1.5571090046331886,
                "rme": 14.161458470207439,
                "sem": 0.5609182293347221,
                "deviation": 1.2542512906112553,
                "mean": 10.9954,
                "sample": [
                    8.916,
                    10.743,
                    11.533,
                    11.949,
                    11.836
                ],
                "variance": 1.5731462999999994
            },
            "times": {
                "cycle": 10.9954,
                "elapsed": 55.441,
                "period": 10.9954,
                "timeStamp": 1480092031837
            }
        },
        {
            "name": "paralleljs: Monte Carlo simjs (projects: 8, runs: 100,000)",
            "stats": {
                "moe": 0.17694817167340257,
                "rme": 1.2082167211097177,
                "sem": 0.0637421367699577,
                "deviation": 0.1425317508487143,
                "mean": 14.6454,
                "sample": [
                    14.403,
                    14.763,
                    14.643,
                    14.726,
                    14.692
                ],
                "variance": 0.020315299999999974
            },