{
    "benchmarks": [
        {
            "name": "paralleljs: Mandelbrot 10000x10000, 1000",
            "stats": {
                "moe": 0.2408336394921617,
                "rme": 0.8066993571831155,
                "sem": 0.08675563382282482,
                "deviation": 0.19399149465891624,
                "mean": 29.854200000000002,
                "sample": [
                    30.196,
                    29.82,
                    29.743,
                    29.735,
                    29.777
                ],
                "variance": 0.037632700000000324
            },
            "times": {
                "cycle": 29.854200000000002,
                "elapsed": 150.097,
                "period": 29.854200000000002,
                "timeStamp": 1479384375291
            }
        },
        {
            "name": "paralleljs: Knights Tour (5x5)",
            "stats": {
                "moe": 0.001771671205981895,
                "rme": 1.266702118286572,
                "sem": 0.0009039138806030077,
                "deviation": 0.0054982934835484335,
                "mean": 0.13986486486486488,
                "sample": [
                    0.14,
                    0.149,
                    0.135,
                    0.13,
                    0.141,
                    0.135,
                    0.145,
                    0.141,
                    0.132,
                    0.14,
                    0.141,
                    0.141,
                    0.147,
                    0.148,
                    0.136,
                    0.139,
                    0.137,
                    0.133,
                    0.14,
                    0.149,
                    0.135,
                    0.137,
                    0.134,
                    0.139,
                    0.143,
                    0.143,
                    0.146,
                    0.14,
                    0.14,
                    0.133,
                    0.143,
                    0.141,
                    0.139,
                    0.133,
                    0.155,
                    0.141,
                    0.134
                ],
                "variance": 0.000030231231231231173
            },
            "times": {
                "cycle": 0.13986486486486488,
                "elapsed": 6.119,
                "period": 0.13986486486486488,
                "timeStamp": 1479384525501
            }
        },
        {
            "name": "paralleljs: Knights Tour (6x6)",
            "stats": {
                "moe": 4.369289836364673,
                "rme": 0.5122464186590084,
                "sem": 1.573951670160185,
                "deviation": 3.519462927777501,
                "mean": 852.9664,
                "sample": [
                    851.771,
                    849.824,
                    853.669,
                    850.838,
                    858.73
                ],
                "variance": 12.386619300000177
            },
            "times": {
                "cycle": 852.9664,
                "elapsed": 4265.022,
                "period": 852.9664,
                "timeStamp": 1479384531633
            }
        },
        {
            "name": "paralleljs: Monte Carlo simjs (projects: 1, runs: 10,000)",
            "stats": {
                "moe": 0.027411055624280624,
                "rme": 26.105767261219633,
                "sem": 0.013985232461367665,
                "deviation": 0.10084894547748914,
                "mean": 0.10500000000000004,
                "sample": [
                    0.818,
                    0.089,
                    0.091,
                    0.092,
                    0.096,
                    0.097,
                    0.091,
                    0.089,
                    0.089,
                    0.09,
                    0.089,
                    0.09,
                    0.089,
                    0.095,
                    0.089,
                    0.088,
                    0.09,
                    0.09,
                    0.089,
                    0.09,
                    0.093,
                    0.088,
                    0.094,
                    0.09,
                    0.09,
                    0.088,
                    0.09,
                    0.089,
                    0.09,
                    0.088,
                    0.095,
                    0.096,
                    0.091,
                    0.089,
                    0.092,
                    0.088,
                    0.095,
                    0.09,
                    0.09,
                    0.089,
                    0.094,
                    0.097,
                    0.09,
                    0.089,
                    0.09,
                    0.092,
                    0.089,
                    0.094,
                    0.095,
                    0.096,
                    0.089,
                    0.089
                ],
                "variance": 0.010170509803921578
            },
            "times": {
                "cycle": 0.10500000000000004,
                "elapsed": 6.818,
                "period": 0.10500000000000004,
                "timeStamp": 1479388796667
            }
        },
        {
            "name": "paralleljs: Monte Carlo simjs (projects: 4, runs: 10,000)",
            "stats": {
                "moe": 0.0016132439703252304,
                "rme": 1.026006266200109,
                "sem": 0.0008230836583291992,
                "deviation": 0.004799361217150846,
                "mean": 0.15723529411764706,
                "sample": [
                    0.16,
                    0.153,
                    0.16,
                    0.149,
                    0.157,
                    0.16,
                    0.161,
                    0.166,
                    0.157,
                    0.15,
                    0.16,
                    0.161,
                    0.15,
                    0.16,
                    0.157,
                    0.164,
                    0.155,
                    0.166,
                    0.152,
                    0.158,
                    0.149,
                    0.154,
                    0.168,
                    0.158,
                    0.155,
                    0.156,
                    0.157,
                    0.156,
                    0.152,
                    0.156,
                    0.154,
                    0.162,
                    0.155,
                    0.158
                ],
                "variance": 0.00002303386809269165
            },
            "times": {
                "cycle": 0.15723529411764706,
                "elapsed": 6.122,
                "period": 0.15723529411764706,
                "timeStamp": 1479388803493
            }
        },
        {
            "name": "paralleljs: Monte Carlo simjs (projects: 8, runs: 10,000)",
            "stats": {
                "moe": 0.0022853932105911493,
                "rme": 1.3595943993105926,
                "sem": 0.0011660169441791578,
                "deviation": 0.006595987905659989,
                "mean": 0.16809375,