{
    "benchmarks": [
        {
            "name": "paralleljs: Mandelbrot 10000x10000, 1000",
            "stats": {
                "moe": 0.07950514402074825,
                "rme": 0.27879325055666765,
                "sem": 0.02864018156367012,
                "deviation": 0.06404139286430262,
                "mean": 28.517599999999998,
                "sample": [
                    28.488,
                    28.613,
                    28.482,
                    28.454,
                    28.551
                ],
                "variance": 0.00410129999999995
            },
            "times": {
                "cycle": 28.517599999999998,
                "elapsed": 143.384,
                "period": 28.517599999999998,
                "timeStamp": 1480846206132
            }
        },
        {
            "name": "paralleljs: Knights Tour (5x5)",
            "stats": {
                "moe": 0.004370361457418231,
                "rme": 3.3140987135778914,
                "sem": 0.0022297762537848115,
                "deviation": 0.013924948241762427,
                "mean": 0.1318717948717949,
                "sample": [
                    0.134,
                    0.137,
                    0.131,
                    0.139,
                    0.13,
                    0.145,
                    0.139,
                    0.136,
                    0.142,
                    0.147,
                    0.142,
                    0.137,
                    0.141,
                    0.144,
                    0.138,
                    0.113,
                    0.13,
                    0.128,
                    0.113,
                    0.115,
                    0.113,
                    0.114,
                    0.109,
                    0.108,
                    0.112,
                    0.107,
                    0.116,
                    0.138,
                    0.127,
                    0.136,
                    0.141,
                    0.138,
                    0.171,
                    0.151,
                    0.142,
                    0.135,
                    0.134,
                    0.139,
                    0.131
                ],
                "variance": 0.0001939041835357625
            },
            "times": {
                "cycle": 0.1318717948717949,
                "elapsed": 6.088,
                "period": 0.1318717948717949,
                "timeStamp": 1480847466901
            }
        },
        {
            "name": "paralleljs: Knights Tour (6x6)",
            "stats": {
                "moe": 6.978566871129033,
                "rme": 0.9347169544698065,
                "sem": 2.5138929651041186,
                "deviation": 5.621235558131317,
                "mean": 746.5968,
                "sample": [
                    742.206,
                    747.22,
                    755.27,
                    747.264,
                    741.024
                ],
                "variance": 31.598289199999893
            },
            "times": {
                "cycle": 746.5968,
                "elapsed": 3733.135,
                "period": 746.5968,
                "timeStamp": 1480854623481
            }
        },
        {
            "name": "paralleljs: Monte Carlo simjs (projects: 1, runs: 10,000)",
            "stats": {
                "moe": 0.022273729854720935,
                "rme": 27.69639183505876,
                "sem": 0.011364147885061703,
                "deviation": 0.07005331235448463,
                "mean": 0.08042105263157893,
                "sample": [
                    0.494,
                    0.076,
                    0.0665,
                    0.1435,
                    0.066,
                    0.068,
                    0.0645,
                    0.0695,
                    0.0675,
                    0.065,
                    0.076,
                    0.0635,
                    0.0685,
                    0.067,
                    0.0685,
                    0.066,
                    0.0685,
                    0.0675,
                    0.0655,
                    0.0675,
                    0.066,
                    0.0685,
                    0.066,
                    0.067,
                    0.0675,
                    0.065,
                    0.0685,
                    0.065,
                    0.0655,
                    0.0675,
                    0.068,
                    0.067,
                    0.0655,
                    0.0675,
                    0.0645,
                    0.065,
                    0.068,
                    0.065
                ],
                "variance": 0.004907466571834989
            },
            "times": {
                "cycle": 0.16084210526315787,
                "elapsed": 6.619,
                "period": 0.08042105263157893,
                "timeStamp": 1479554438697
            }
        },
        {
            "name": "paralleljs: Monte Carlo simjs (projects: 4, runs: 10,000)",
            "stats": {
                "moe": 0.002275758236339638,
                "rme": 1.8356499643896351,
                "sem": 0.0011611011409896114,
                "deviation": 0.007434674857981515,
                "mean": 0.12397560975609756,
                "sample": [
                    0.12,
                    0.125,
                    0.127,
                    0.126,
                    0.123,
                    0.127,
                    0.124,
                    0.122,
                    0.119,
                    0.127,
                    0.132,
                    0.121,
                    0.125,
                    0.122,
                    0.118,
                    0.123,
                    0.137,
                    0.124,
                    0.129,
                    0.119,
                    0.12,
                    0.115,
                    0.122,
                    0.117,
                    0.133,
                    0.12,
                    0.12,
                    0.129,
                    0.125,
                    0.114,
                    0.123,
                    0.122,
                    0.118,
                    0.128,
                    0.125,
                    0.116,
                    0.126,
                    0.157,
                    0.113,
                    0.131,
                    0.119
                ],
                "variance": 0.00005527439024390246
            },
            "times": {
                "cycle": 0.12397560975609756,
                "elapsed": 6.01,
                "period": 0.12397560975609756,
                "timeStamp": 1479554445326
            }
        },
        {
            "name": "paralleljs: Monte Carlo simjs (projects: 8, runs: 10,000)",
            "stats": {
                "moe": 0.0018772034185156946,
                "rme": 1.428506016041211,
                "sem": 0.0009577568461814768,
                "deviation": 0.005981189587355685,
                "mean": 0.13141025641025644,