{
    "benchmarks": [
        {
            "name": "paralleljs: Mandelbrot 10000x10000, 1000",
            "stats": {
                "moe": 0.2408336394921617,
                "rme": 0.8066993571831155,
                "sem": 0.08675563382282482,
                "deviation": 0.19399149465891624,
                "mean": 29.854200000000002,
                "sample": [
                    30.196,
                    29.82,
                    29.743,
                    29.735,
                    29.777
                ],
                "variance": 0.037632700000000324
            },
            "times": {
                "cycle": 29.854200000000002,
                "elapsed": 150.097,
                "period": 29.854200000000002,
                "timeStamp": 1479384375291
            }
        },
        {
            "name": "paralleljs: Knights Tour (5x5)",
            "stats": {
                "moe": 0.001765468223667729,
                "rme": 1.4853698997204448,
                "sem": 0.000900749093708025,
                "deviation": 0.005837521310647594,
                "mean": 0.11885714285714288,
                "sample": [
                    0.113,
                    0.124,
                    0.126,
                    0.117,
                    0.124,
                    0.115,
                    0.12,
                    0.114,
                    0.119,
                    0.137,
                    0.126,
                    0.115,
                    0.124,
                    0.115,
                    0.121,
                    0.115,
                    0.118,
                    0.114,
                    0.116,
                    0.121,
                    0.113,
                    0.117,
                    0.122,
                    0.117,
                    0.124,
                    0.115,
                    0.118,
                    0.117,
                    0.116,
                    0.123,
                    0.115,
                    0.114,
                    0.129,
                    0.121,
                    0.118,
                    0.13,
                    0.126,
                    0.12,
                    0.108,
                    0.113,
                    0.11,
                    0.112
                ],
                "variance": 0.000034076655052264795
            },
            "times": {
                "cycle": 0.11885714285714288,
                "elapsed": 5.925,
                "period": 0.11885714285714288,
                "timeStamp": 1480524541627
            }
        },
        {
            "name": "paralleljs: Knights Tour (6x6)",
            "stats": {
                "moe": 11.317583191794768,
                "rme": 1.5842689363778462,
                "sem": 4.076939190127798,
                "deviation": 9.116313169258698,
                "mean": 714.3726,
                "sample": [
                    719.256,
                    719.872,
                    698.431,
                    719.244,
                    715.06
                ],
                "variance": 83.10716579999955
            },
            "times": {
                "cycle": 714.3726,
                "elapsed": 3572.056,
                "period": 714.3726,
                "timeStamp": 1480531621277
            }
        },
        {
            "name": "paralleljs: Monte Carlo simjs (projects: 1, runs: 10,000)",
            "stats": {
                "moe": 0.022273729854720935,
                "rme": 27.69639183505876,
                "sem": 0.011364147885061703,
                "deviation": 0.07005331235448463,
                "mean": 0.08042105263157893,
                "sample": [
                    0.494,
                    0.076,
                    0.0665,
                    0.1435,
                    0.066,
                    0.068,
                    0.0645,
                    0.0695,
                    0.0675,
                    0.065,
                    0.076,
                    0.0635,
                    0.0685,
                    0.067,
                    0.0685,
                    0.066,
                    0.0685,
                    0.0675,
                    0.0655,
                    0.0675,
                    0.066,
                    0.0685,
                    0.066,
                    0.067,
                    0.0675,
                    0.065,
                    0.0685,
                    0.065,
                    0.0655,
                    0.0675,
                    0.068,
                    0.067,
                    0.0655,
                    0.0675,
                    0.0645,
                    0.065,
                    0.068,
                    0.065
                ],
                "variance": 0.004907466571834989
            },
            "times": {
                "cycle": 0.16084210526315787,
                "elapsed": 6.619,
                "period": 0.08042105263157893,
                "timeStamp": 1479554438697
            }
        },
        {
            "name": "paralleljs: Monte Carlo simjs (projects: 4, runs: 10,000)",
            "stats": {
                "moe": 0.002275758236339638,
                "rme": 1.8356499643896351,
                "sem": 0.0011611011409896114,
                "deviation": 0.007434674857981515,
                "mean": 0.12397560975609756,
                "sample": [
                    0.12,
                    0.125,
                    0.127,
                    0.126,
                    0.123,
                    0.127,
                    0.124,
                    0.122,
                    0.119,
                    0.127,
                    0.132,
                    0.121,
                    0.125,
                    0.122,
                    0.118,
                    0.123,
                    0.137,
                    0.124,
                    0.129,
                    0.119,
                    0.12,
                    0.115,
                    0.122,
                    0.117,
                    0.133,
                    0.12,
                    0.12,
                    0.129,
                    0.125,
                    0.114,
                    0.123,
                    0.122,
                    0.118,
                    0.128,
                    0.125,
                    0.116,
                    0.126,
                    0.157,
                    0.113,
                    0.131,
                    0.119
                ],
                "variance": 0.00005527439024390246
            },
            "times": {
                "cycle": 0.12397560975609756,
                "elapsed": 6.01,
                "period": 0.12397560975609756,
                "timeStamp": 1479554445326
            }
        },
        {
            "name": "paralleljs: Monte Carlo simjs (projects: 8, runs: 10,000)",
            "stats": {
                "moe": 0.0018772034185156946,
                "rme": 1.428506016041211,
                "sem": 0.0009577568461814768,
                "deviation": 0.005981189587355685,
                "mean": 0.13141025641025644,