{
    "benchmarks": [
        {
            "name": "paralleljs: Mandelbrot 10000x10000, 1000",
            "stats": {
                "moe": 1.0711696635961274,
                "rme": 0.8518193630546506,
                "sem": 0.38586803443664536,
                "deviation": 0.8628271553445688,
                "mean": 125.75079999999998,
                "sample": [
                    124.57,
                    126.782,
                    126.323,
                    125.312,
                    125.767
                ],
                "variance": 0.7444707000000007
            },
            "times": {
                "cycle": 125.75079999999998,
                "elapsed": 635.919,
                "period": 125.75079999999998,
                "timeStamp": 1481021773546
            }
        },
        {
            "name": "paralleljs: Knights Tour (5x5)",
            "stats": {
                "moe": 0.006645744595018852,
                "rme": 2.1623897814594963,
                "sem": 0.002881936077631766,
                "deviation": 0.008645808232895298,
                "mean": 0.30733333333333335,
                "sample": [
                    0.311,
                    0.312,
                    0.303,
                    0.309,
                    0.319,
                    0.317,
                    0.296,
                    0.294,
                    0.305
                ],
                "variance": 0.00007475000000000012
            },
            "times": {
                "cycle": 0.30733333333333335,
                "elapsed": 17.992,
                "period": 0.30733333333333335,
                "timeStamp": 1481022429473
            }
        },
        {
            "name": "paralleljs: Knights Tour (6x6)",
            "stats": {
                "moe": 8.768906671428303,
                "rme": 0.5461422336320509,
                "sem": 3.1588280516672564,
                "deviation": 7.063354252761203,
                "mean": 1605.6086,
                "sample": [
                    1602.622,
                    1598.352,
                    1601.455,
                    1609.883,
                    1615.731
                ],
                "variance": 49.89097329999978
            },
            "times": {
                "cycle": 1605.6086,
                "elapsed": 8034.998,
                "period": 1605.6086,
                "timeStamp": 1481030576467
            }
        },
        {
            "name": "paralleljs: Monte Carlo simjs (projects: 1, runs: 10,000)",
            "stats": {
                "moe": 0.12275330974663408,
                "rme": 52.40890833584947,
                "sem": 0.05323213779125502,
                "deviation": 0.15969641337376506,
                "mean": 0.23422222222222222,
                "sample": [
                    0.66,
                    0.176,
                    0.186,
                    0.181,
                    0.181,
                    0.179,
                    0.184,
                    0.183,
                    0.178
                ],
                "variance": 0.025502944444444446
            },
            "times": {
                "cycle": 0.23422222222222222,
                "elapsed": 18,
                "period": 0.23422222222222222,
                "timeStamp": 1481038631464
            }
        },
        {
            "name": "paralleljs: Monte Carlo simjs (projects: 4, runs: 10,000)",
            "stats": {
                "moe": 0.011514495922965972,
                "rme": 4.969570963731537,
                "sem": 0.005090404917314753,
                "deviation": 0.01609727375123571,
                "mean": 0.23170000000000002,
                "sample": [
                    0.252,
                    0.243,
                    0.242,
                    0.222,
                    0.211,
                    0.233,
                    0.233,
                    0.214,
                    0.254,
                    0.213
                ],
                "variance": 0.00025912222222222226
            },
            "times": {
                "cycle": 0.23170000000000002,
                "elapsed": 20.011,
                "period": 0.23170000000000002,
                "timeStamp": 1481038669462
            }
        },
        {
            "name": "paralleljs: Monte Carlo simjs (projects: 8, runs: 10,000)",
            "stats": {
                "moe": 0.002555826449507089,
                "rme": 0.8241942758810348,
                "sem": 0.0011298967504452205,
                "deviation": 0.0035730472522297672,
                "mean": 0.3101,
                "sample": [
                    0.313,
                    0.303,
                    0.311,
                    0.311,
                    0.308,
                    0.307,
                    0.312,
                    0.309,
                    0.311,
                    0.316
                ],
                "variance": 0.000012766666666666691
            },
            "times": {
                "cycle": 0.3101,
                "elapsed": 20.005,
                "period": 0.3101,
                "timeStamp": 1481038711462
            }
        },
        {
            "name": "paralleljs: Monte Carlo simjs (projects: 16, runs: 10,000)",
            "stats": {
                "moe": 0.00454929752954735,
                "rme": 1.0947507424044427,
                "sem": 0.0019728089893960754,
                "deviation": 0.005918426968188226,
                "mean": 0.4155555555555555,
                "sample": [
                    0.411,
                    0.413,
                    0.419,
                    0.403,
                    0.417,
                    0.418,
                    0.423,
                    0.416,
                    0.42
                ],
                "variance": 0.00003502777777777767
            },
            "times": {
                "cycle": 0.4155555555555555,
                "elapsed": 17.996,
                "period": 0.4155555555555555,
                "timeStamp": 1481038753477
            }
        },
        {
            "name": "paralleljs: Monte Carlo simjs (projects: 1, runs: 100,000)",
            "stats": {
                "moe": 0.012355920152004889,
                "rme": 0.7588965610602284,
                "sem": 0.005049415673071062,
                "deviation": 0.013359498137137856,
                "mean": 1.6281428571428571,
                "sample": [
                    1.62,
                    1.634,
                    1.626,
                    1.614,
                    1.617,
                    1.633,
                    1.653
                ],
                "variance": 0.00017847619047618984
            },
            "times": {
                "cycle": 1.6281428571428571,
                "elapsed": 20.996,
                "period": 1.6281428571428571,
                "timeStamp": 1481038794467
            }
        },
        {
            "name": "paralleljs: Monte Carlo simjs (projects: 4, runs: 100,000)",
            "stats": {
                "moe": 0.03858293194548861,
                "rme": 2.0828296723869846,
                "sem": 0.01576744256047757,
                "deviation": 0.04171673182651916,
                "mean": 1.8524285714285715,
                "sample": [
                    1.854,
                    1.828,
                    1.86,
                    1.937,
                    1.85,
                    1.805,
                    1.833
                ],
                "variance": 0.0017402857142857168
            },
            "times": {
                "cycle": 1.8524285714285715,
                "elapsed": 20.996,
                "period": 1.8524285714285715,
                "timeStamp": 1481038838468
            }
        },
        {
            "name": "paralleljs: Monte Carlo simjs (projects: 8, runs: 100,000)",