{
    "benchmarks": [
        {
            "name": "paralleljs: Mandelbrot 10000x10000, 1000",
            "stats": {
                "moe": 0.2921710657334845,
                "rme": 1.3351386713711184,
                "sem": 0.10524894298756647,
                "deviation": 0.23534379108019846,
                "mean": 21.883199999999995,
                "sample": [
                    22.21,
                    21.98,
                    21.576,
                    21.871,
                    21.779
                ],
                "variance": 0.055386700000000094
            },
            "times": {
                "cycle": 21.883199999999995,
                "elapsed": 109.521,
                "period": 21.883199999999995,
                "timeStamp": 1479248998976
            }
        },
        {
            "name": "paralleljs: Knights Tour (5x5)",
            "stats": {
                "moe": 0.010989165821882786,
                "rme": 7.069662023538593,
                "sem": 0.005606717256062646,
                "deviation": 0.03269249860810033,
                "mean": 0.15544117647058825,
                "sample": [
                    0.146,
                    0.14,
                    0.14,
                    0.137,
                    0.139,
                    0.144,
                    0.159,
                    0.159,
                    0.142,
                    0.145,
                    0.143,
                    0.144,
                    0.144,
                    0.145,
                    0.153,
                    0.189,
                    0.253,
                    0.134,
                    0.14,
                    0.144,
                    0.159,
                    0.158,
                    0.141,
                    0.147,
                    0.142,
                    0.198,
                    0.142,
                    0.291,
                    0.146,
                    0.138,
                    0.149,
                    0.145,
                    0.147,
                    0.142
                ],
                "variance": 0.0010687994652406416
            },
            "times": {
                "cycle": 0.15544117647058825,
                "elapsed": 5.891,
                "period": 0.15544117647058825,
                "timeStamp": 1479249550936
            }
        },
        {
            "name": "paralleljs: Knights Tour (6x6)",
            "stats": {
                "moe": 6.47137191528914,
                "rme": 0.6004317660056889,
                "sem": 2.3311858484470966,
                "deviation": 5.212690025313231,
                "mean": 1077.7864000000002,
                "sample": [
                    1074.596,
                    1075.016,
                    1080.631,
                    1073.104,
                    1085.585
                ],
                "variance": 27.172137300000053
            },
            "times": {
                "cycle": 1077.7864000000002,
                "elapsed": 5389.02,
                "period": 1077.7864000000002,
                "timeStamp": 1479260097308
            }
        },
        {
            "name": "paralleljs: Monte Carlo simjs (projects: 1, runs: 10,000)",
            "stats": {
                "moe": 0.025771471317628313,
                "rme": 18.7558793162431,
                "sem": 0.013148709855932814,
                "deviation": 0.08521337909490034,
                "mean": 0.1374047619047619,
                "sample": [
                    0.676,
                    0.123,
                    0.13,
                    0.12,
                    0.124,
                    0.127,
                    0.125,
                    0.126,
                    0.127,
                    0.12,
                    0.122,
                    0.123,
                    0.12,
                    0.122,
                    0.128,
                    0.123,
                    0.119,
                    0.125,
                    0.135,
                    0.122,
                    0.127,
                    0.126,
                    0.13,
                    0.123,
                    0.121,
                    0.119,
                    0.126,
                    0.125,
                    0.124,
                    0.124,
                    0.118,
                    0.127,
                    0.127,
                    0.126,
                    0.123,
                    0.121,
                    0.134,
                    0.121,
                    0.124,
                    0.123,
                    0.122,
                    0.123
                ],
                "variance": 0.0072613199767712
            },
            "times": {
                "cycle": 0.1374047619047619,
                "elapsed": 6.506,
                "period": 0.1374047619047619,
                "timeStamp": 1479553076653
            }
        },
        {
            "name": "paralleljs: Monte Carlo simjs (projects: 4, runs: 10,000)",
            "stats": {
                "moe": 0.004232499756028658,
                "rme": 1.6963926877870374,
                "sem": 0.0020456741208451706,
                "deviation": 0.01002171555217448,
                "mean": 0.24949999999999997,
                "sample": [
                    0.251,
                    0.241,
                    0.245,
                    0.267,
                    0.243,
                    0.241,
                    0.241,
                    0.241,
                    0.244,
                    0.251,
                    0.265,
                    0.262,
                    0.242,
                    0.246,
                    0.247,
                    0.245,
                    0.242,
                    0.254,
                    0.275,
                    0.247,
                    0.238,
                    0.245,
                    0.265,
                    0.25
                ],
                "variance": 0.00010043478260869585
            },
            "times": {
                "cycle": 0.24949999999999997,
                "elapsed": 6.382,
                "period": 0.24949999999999997,
                "timeStamp": 1479553083165
            }
        },
        {
            "name": "paralleljs: Monte Carlo simjs (projects: 8, runs: 10,000)",
            "stats": {
                "moe": 0.006281135014204575,
                "rme": 2.093711671401525,
                "sem": 0.0030110906108363257,
                "deviation": 0.01379855064852828,
                "mean": 0.30000000000000004,
                "sample": [
                    0.281,
                    0.292,
                    0.288,
                    0.307,
                    0.292,
                    0.284,
                    0.291,
                    0.289,
                    0.335,
                    0.295,
                    0.29,
                    0.301,
                    0.296,
                    0.302,
                    0.301,
                    0.323,
                    0.311,
                    0.293,
                    0.308,
                    0.298,
                    0.323
                ],
                "variance": 0.0001904000000000002
            },
            "times": {
                "cycle": 0.30000000000000004,
                "elapsed": 6.641,
                "period": 0.30000000000000004,
                "timeStamp": 1479553089554
            }
        },
        {
            "name": "paralleljs: Monte Carlo simjs (projects: 16, runs: 10,000)",
            "stats": {
                "moe": 0.006126914531202157,
                "rme": 1.5149224617406045,
                "sem": 0.002875135866354837,
                "deviation": 0.011500543465419347,
                "mean": 0.40443749999999995,