{
    "benchmarks": [
        {
            "name": "paralleljs: Monte Carlo simjs (projects: 1, runs: 10.000)",
            "stats": {
                "moe": 0.11581558195683346,
                "rme": 52.663964771848406,
                "sem": 0.05908958263103748,
                "deviation": 0.3495786851952751,
                "mean": 0.2199142857142857,
                "sample": [
                    0.448,
                    0.154,
                    0.242,
                    2.206,
                    0.182,
                    0.167,
                    0.147,
                    0.152,
                    0.146,
                    0.149,
                    0.149,
                    0.147,
                    0.145,
                    0.146,
                    0.156,
                    0.147,
                    0.152,
                    0.154,
                    0.148,
                    0.15,
                    0.15,
                    0.148,
                    0.144,
                    0.148,
                    0.147,
                    0.148,
                    0.149,
                    0.149,
                    0.144,
                    0.148,
                    0.149,
                    0.144,
                    0.15,
                    0.148,
                    0.144
                ],
                "variance": 0.12220525714285722
            },
            "times": {
                "cycle": 0.2199142857142857,
                "elapsed": 9.113,
                "period": 0.2199142857142857,
                "timeStamp": 1478673331730
            }
        },
        {
            "name": "paralleljs: Monte Carlo simjs (projects: 4, runs: 10.000)",
            "stats": {
                "moe": 0.003291203404713473,
                "rme": 1.710482056213096,
                "sem": 0.0016070329124577506,
                "deviation": 0.008654137084074342,
                "mean": 0.19241379310344822,
                "sample": [
                    0.201,
                    0.189,
                    0.185,
                    0.184,
                    0.178,
                    0.208,
                    0.181,
                    0.191,
                    0.19,
                    0.196,
                    0.209,
                    0.187,
                    0.183,
                    0.195,
                    0.193,
                    0.202,
                    0.186,
                    0.189,
                    0.187,
                    0.189,
                    0.203,
                    0.187,
                    0.201,
                    0.2,
                    0.188,
                    0.21,
                    0.196,
                    0.187,
                    0.185
                ],
                "variance": 0.00007489408866995077
            },
            "times": {
                "cycle": 0.19241379310344822,
                "elapsed": 6.142,
                "period": 0.19241379310344822,
                "timeStamp": 1478673340850
            }
        },
        {
            "name": "paralleljs: Monte Carlo simjs (projects: 8, runs: 10.000)",
            "stats": {
                "moe": 0.00703477160637829,
                "rme": 1.702046661153072,
                "sem": 0.003301159834058325,
                "deviation": 0.0132046393362333,
                "mean": 0.41331249999999997,
                "sample": [
                    0.427,
                    0.402,
                    0.415,
                    0.406,
                    0.4,
                    0.429,
                    0.404,
                    0.449,
                    0.411,
                    0.395,
                    0.415,
                    0.407,
                    0.412,
                    0.407,
                    0.415,
                    0.419
                ],
                "variance": 0.00017436249999999983
            },
            "times": {
                "cycle": 0.41331249999999997,
                "elapsed": 6.905,
                "period": 0.41331249999999997,
                "timeStamp": 1478673346998
            }
        },
        {
            "name": "paralleljs: Monte Carlo simjs (projects: 16, runs: 10.000)",
            "stats": {
                "moe": 0.009924313906048383,
                "rme": 1.3190847385999542,
                "sem": 0.004454359921924767,
                "deviation": 0.014773440542221227,
                "mean": 0.7523636363636363,
                "sample": [
                    0.759,
                    0.76,
                    0.728,
                    0.752,
                    0.757,
                    0.733,
                    0.757,
                    0.748,
                    0.778,
                    0.766,
                    0.738
                ],
                "variance": 0.00021825454545454582
            },
            "times": {
                "cycle": 0.7523636363636363,
                "elapsed": 8.496,
                "period": 0.7523636363636363,
                "timeStamp": 1478673353909
            }
        },
        {
            "name": "paralleljs: Monte Carlo simjs (projects: 1, runs: 100.000)",
            "stats": {
                "moe": 0.005476223818087167,
                "rme": 0.7495142714813839,
                "sem": 0.0024579101517446886,
                "deviation": 0.008151965741742637,
                "mean": 0.7306363636363638,
                "sample": [
                    0.74,
                    0.735,
                    0.725,
                    0.734,
                    0.733,
                    0.731,
                    0.72,
                    0.734,
                    0.73,
                    0.741,
                    0.714
                ],
                "variance": 0.00006645454545454557
            },
            "times": {
                "cycle": 0.7306363636363638,
                "elapsed": 8.239,
                "period": 0.7306363636363638,
                "timeStamp": 1478673362411
            }
        },
        {
            "name": "paralleljs: Monte Carlo simjs (projects: 4, runs: 100.000)",
            "stats": {
                "moe": 0.014489072111715138,
                "rme": 1.157620861816849,
                "sem": 0.006126457552522256,
                "deviation": 0.017328238720160108,
                "mean": 1.251625,
                "sample": [
                    1.285,
                    1.238,
                    1.242,
                    1.251,
                    1.24,
                    1.271,
                    1.248,
                    1.238
                ],
                "variance": 0.00030026785714285604
            },
            "times": {
                "cycle": 1.251625,
                "elapsed": 10.171,
                "period": 1.251625,
                "timeStamp": 1478673370656
            }
        },
        {
            "name": "paralleljs: Monte Carlo simjs (projects: 8, runs: 100.000)",
            "stats": {
                "moe": 0.009862949358584252,
                "rme": 0.3584571818493277,
                "sem": 0.0038362307890253797,
                "deviation": 0.009396807968666685,
                "mean": 2.7515,
                "sample": [
                    2.76,
                    2.753,
                    2.761,
                    2.74,
                    2.74,
                    2.755
                ],
                "variance": 0.0000882999999999977
            },
            "times": {
                "cycle": 2.7515,
                "elapsed": 16.619,
                "period": 2.7515,
                "timeStamp": 1478673380833
            }
        },
        {
            "name": "paralleljs: Monte Carlo simjs (projects: 16, runs: 100.000)",
            "stats": {
                "moe": 0.04398536741417557,
                "rme": 0.8178151014088867,