{
    "benchmarks": [
        {
            "name": "paralleljs: Mandelbrot 10000x10000, 1000",
            "stats": {
                "moe": 0.2921710657334845,
                "rme": 1.3351386713711184,
                "sem": 0.10524894298756647,
                "deviation": 0.23534379108019846,
                "mean": 21.883199999999995,
                "sample": [
                    22.21,
                    21.98,
                    21.576,
                    21.871,
                    21.779
                ],
                "variance": 0.055386700000000094
            },
            "times": {
                "cycle": 21.883199999999995,
                "elapsed": 109.521,
                "period": 21.883199999999995,
                "timeStamp": 1479248998976
            }
        },
        {
            "name": "paralleljs: Knights Tour (5x5)",
            "stats": {
                "moe": 0.010989165821882786,
                "rme": 7.069662023538593,
                "sem": 0.005606717256062646,
                "deviation": 0.03269249860810033,
                "mean": 0.15544117647058825,
                "sample": [
                    0.146,
                    0.14,
                    0.14,
                    0.137,
                    0.139,
                    0.144,
                    0.159,
                    0.159,
                    0.142,
                    0.145,
                    0.143,
                    0.144,
                    0.144,
                    0.145,
                    0.153,
                    0.189,
                    0.253,
                    0.134,
                    0.14,
                    0.144,
                    0.159,
                    0.158,
                    0.141,
                    0.147,
                    0.142,
                    0.198,
                    0.142,
                    0.291,
                    0.146,
                    0.138,
                    0.149,
                    0.145,
                    0.147,
                    0.142
                ],
                "variance": 0.0010687994652406416
            },
            "times": {
                "cycle": 0.15544117647058825,
                "elapsed": 5.891,
                "period": 0.15544117647058825,
                "timeStamp": 1479249550936
            }
        },
        {
            "name": "paralleljs: Knights Tour (6x6)",
            "stats": {
                "moe": 6.47137191528914,
                "rme": 0.6004317660056889,
                "sem": 2.3311858484470966,
                "deviation": 5.212690025313231,
                "mean": 1077.7864000000002,
                "sample": [
                    1074.596,
                    1075.016,
                    1080.631,
                    1073.104,
                    1085.585
                ],
                "variance": 27.172137300000053
            },
            "times": {
                "cycle": 1077.7864000000002,
                "elapsed": 5389.02,
                "period": 1077.7864000000002,
                "timeStamp": 1479260097308
            }
        },
        {
            "name": "paralleljs: Monte Carlo simjs (projects: 1, runs: 10,000)",
            "stats": {
                "moe": 0.027026485169023562,
                "rme": 17.942111048618024,
                "sem": 0.013789023045420184,
                "deviation": 0.0850012467484501,
                "mean": 0.15063157894736837,
                "sample": [
                    0.66,
                    0.134,
                    0.131,
                    0.134,
                    0.138,
                    0.133,
                    0.141,
                    0.138,
                    0.138,
                    0.138,
                    0.138,
                    0.138,
                    0.139,
                    0.138,
                    0.132,
                    0.136,
                    0.144,
                    0.131,
                    0.132,
                    0.142,
                    0.14,
                    0.138,
                    0.139,
                    0.136,
                    0.142,
                    0.136,
                    0.139,
                    0.131,
                    0.132,
                    0.14,
                    0.132,
                    0.139,
                    0.14,
                    0.156,
                    0.132,
                    0.133,
                    0.131,
                    0.133
                ],
                "variance": 0.007225211948790897
            },
            "times": {
                "cycle": 0.15063157894736837,
                "elapsed": 6.336,
                "period": 0.15063157894736837,
                "timeStamp": 1479276882760
            }
        },
        {
            "name": "paralleljs: Monte Carlo simjs (projects: 4, runs: 10,000)",
            "stats": {
                "moe": 0.004557332792081106,
                "rme": 1.5916179716232035,
                "sem": 0.002184723294382122,
                "deviation": 0.010011659869039364,
                "mean": 0.2863333333333334,
                "sample": [
                    0.282,
                    0.28,
                    0.277,
                    0.279,
                    0.286,
                    0.282,
                    0.287,
                    0.281,
                    0.285,
                    0.28,
                    0.281,
                    0.284,
                    0.311,
                    0.282,
                    0.287,
                    0.283,
                    0.283,
                    0.29,
                    0.318,
                    0.29,
                    0.285
                ],
                "variance": 0.0001002333333333333
            },
            "times": {
                "cycle": 0.2863333333333334,
                "elapsed": 6.35,
                "period": 0.2863333333333334,
                "timeStamp": 1479276912900
            }
        },
        {
            "name": "paralleljs: Monte Carlo simjs (projects: 8, runs: 10,000)",
            "stats": {
                "moe": 0.00417426372329048,
                "rme": 1.2423403938364523,
                "sem": 0.001986798535597563,
                "deviation": 0.008660254037844376,
                "mean": 0.33599999999999997,
                "sample": [
                    0.329,
                    0.325,
                    0.329,
                    0.325,
                    0.346,
                    0.339,
                    0.337,
                    0.326,
                    0.332,
                    0.346,
                    0.342,
                    0.344,
                    0.334,
                    0.337,
                    0.33,
                    0.359,
                    0.334,
                    0.333,
                    0.337
                ],
                "variance": 0.00007499999999999983
            },
            "times": {
                "cycle": 0.33599999999999997,
                "elapsed": 6.695,
                "period": 0.33599999999999997,
                "timeStamp": 1479276942876
            }
        },
        {
            "name": "paralleljs: Monte Carlo simjs (projects: 16, runs: 10,000)",
            "stats": {
                "moe": 0.0060006351688105955,
                "rme": 1.4716456575869028,
                "sem": 0.002815877601506615,
                "deviation": 0.01126351040602646,
                "mean": 0.40775,