{
    "benchmarks": [
        {
            "name": "paralleljs: Mandelbrot 7000x7000, 1000",
            "stats": {
                "moe": 4.433616891981965,
                "rme": 9.138237350840454,
                "sem": 1.5971242406275092,
                "deviation": 3.571278370555842,
                "mean": 48.5172,
                "sample": [
                    47.862,
                    45.246,
                    46.066,
                    49.104,
                    54.308
                ],
                "variance": 12.75402919999999
            },
            "times": {
                "cycle": 48.5172,
                "elapsed": 245.948,
                "period": 48.5172,
                "timeStamp": 1479416769164
            }
        },
        {
            "name": "paralleljs: Knights Tour (5x5)",
            "stats": {
                "moe": 0.223427889991017,
                "rme": 26.486763551042003,
                "sem": 0.10028181776975628,
                "deviation": 0.33259716283707635,
                "mean": 0.8435454545454545,
                "sample": [
                    1.628,
                    1.369,
                    0.829,
                    0.72,
                    0.676,
                    0.684,
                    0.67,
                    0.674,
                    0.672,
                    0.64,
                    0.717
                ],
                "variance": 0.1106208727272727
            },
            "times": {
                "cycle": 0.8435454545454545,
                "elapsed": 10.452,
                "period": 0.8435454545454545,
                "timeStamp": 1479417015355
            }
        },
        {
            "name": "paralleljs: Knights Tour (6x6)",
            "stats": {
                "moe": 65.48638553997753,
                "rme": 0.9822818248749315,
                "sem": 23.590196520164817,
                "deviation": 52.74928302166752,
                "mean": 6666.7614,
                "sample": [
                    6590.024,
                    6634.533,
                    6715.71,
                    6698.451,
                    6695.089
                ],
                "variance": 2782.4868592999815
            },
            "times": {
                "cycle": 6666.7614,
                "elapsed": 33334.289,
                "period": 6666.7614,
                "timeStamp": 1479417025819
            }
        },
        {
            "name": "paralleljs: Monte Carlo simjs (projects: 1, runs: 10,000)",
            "stats": {
                "moe": 0.10085138329464202,
                "rme": 19.656191646631875,
                "sem": 0.04628333331557689,
                "deviation": 0.1668769314687032,
                "mean": 0.5130769230769231,
                "sample": [
                    0.403,
                    0.421,
                    0.388,
                    0.446,
                    0.557,
                    0.423,
                    0.425,
                    0.458,
                    0.402,
                    0.384,
                    0.681,
                    0.854,
                    0.828
                ],
                "variance": 0.027847910256410258
            },
            "times": {
                "cycle": 0.5130769230769231,
                "elapsed": 8.27,
                "period": 0.5130769230769231,
                "timeStamp": 1479568408196
            }
        },
        {
            "name": "paralleljs: Monte Carlo simjs (projects: 4, runs: 10,000)",
            "stats": {
                "moe": 0.171899477431642,
                "rme": 17.578630802008615,
                "sem": 0.07454443947599393,
                "deviation": 0.2236333184279818,
                "mean": 0.9778888888888889,
                "sample": [
                    0.969,
                    0.751,
                    0.845,
                    0.897,
                    0.813,
                    1.309,
                    1.39,
                    0.982,
                    0.845
                ],
                "variance": 0.0500118611111111
            },
            "times": {
                "cycle": 0.9778888888888889,
                "elapsed": 9.818,
                "period": 0.9778888888888889,
                "timeStamp": 1479568416490
            }
        },
        {
            "name": "paralleljs: Monte Carlo simjs (projects: 8, runs: 10,000)",
            "stats": {
                "moe": 0.05593521443384301,
                "rme": 6.427857324045393,
                "sem": 0.024728211509214414,
                "deviation": 0.07819747083150735,
                "mean": 0.8702,
                "sample": [
                    0.971,
                    0.753,
                    0.846,
                    0.801,
                    0.785,
                    0.844,
                    0.942,
                    0.89,
                    0.979,
                    0.891
                ],
                "variance": 0.0061148444444444425
            },
            "times": {
                "cycle": 0.8702,
                "elapsed": 9.729,
                "period": 0.8702,
                "timeStamp": 1479568426336
            }
        },
        {
            "name": "paralleljs: Monte Carlo simjs (projects: 16, runs: 10,000)",
            "stats": {
                "moe": 0.04080776293492559,
                "rme": 4.152287918760095,
                "sem": 0.017696341255388374,
                "deviation": 0.053089023766165123,
                "mean": 0.9827777777777776,
                "sample": [
                    0.884,
                    0.981,
                    0.957,
                    1,
                    0.971,
                    1.08,
                    0.954,
                    1.013,
                    1.005
                ],
                "variance": 0.002818444444444445
            },
            "times": {
                "cycle": 0.9827777777777776,
                "elapsed": 9.773,
                "period": 0.9827777777777776,
                "timeStamp": 1479568436082
            }
        },
        {
            "name": "paralleljs: Monte Carlo simjs (projects: 1, runs: 100,000)",
            "stats": {
                "moe": 0.03536665585953916,
                "rme": 1.5979254567661143,
                "sem": 0.014453067372104273,
                "deviation": 0.03823922194864974,
                "mean": 2.2132857142857145,
                "sample": [
                    2.165,
                    2.271,
                    2.248,
                    2.177,
                    2.203,
                    2.23,
                    2.199
                ],
                "variance": 0.001462238095238096
            },
            "times": {
                "cycle": 2.2132857142857145,
                "elapsed": 16.243,
                "period": 2.2132857142857145,
                "timeStamp": 1479568445894
            }
        },
        {
            "name": "paralleljs: Monte Carlo simjs (projects: 4, runs: 100,000)",
            "stats": {
                "moe": 0.3696067231366335,
                "rme": 11.527395461169567,
                "sem": 0.14375990787111376,
                "deviation": 0.35213841975374777,
                "mean": 3.2063333333333333,
                "sample": [
                    3.013,
                    2.825,
                    2.868,
                    3.578,
                    3.615,
                    3.339
                ],
                "variance": 0.12400146666666667
            },
            "times": {
                "cycle": 3.2063333333333333,
                "elapsed": 20.177,
                "period": 3.2063333333333333,
                "timeStamp": 1479568462188
            }
        },
        {
            "name": "paralleljs: Monte Carlo simjs (projects: 8, runs: 100,000)",