{
    "benchmarks": [
        {
            "name": "paralleljs: Monte Carlo simjs (projects: 1, runs: 10,000)",
            "stats": {
                "moe": 0.016450892218029717,
                "rme": 11.903684672959274,
                "sem": 0.00839331235613761,
                "deviation": 0.05308396831725839,
                "mean": 0.13820000000000002,
                "sample": [
                    0.458,
                    0.133,
                    0.131,
                    0.129,
                    0.125,
                    0.177,
                    0.168,
                    0.127,
                    0.135,
                    0.124,
                    0.126,
                    0.128,
                    0.131,
                    0.144,
                    0.126,
                    0.125,
                    0.125,
                    0.119,
                    0.123,
                    0.13,
                    0.127,
                    0.121,
                    0.12,
                    0.125,
                    0.127,
                    0.123,
                    0.126,
                    0.126,
                    0.13,
                    0.126,
                    0.123,
                    0.123,
                    0.127,
                    0.126,
                    0.135,
                    0.124,
                    0.124,
                    0.129,
                    0.143,
                    0.139
                ],
                "variance": 0.002817907692307692
            },
            "times": {
                "cycle": 0.13820000000000002,
                "elapsed": 6.311,
                "period": 0.13820000000000002,
                "timeStamp": 1477740472281
            }
        },
        {
            "name": "paralleljs: Monte Carlo simjs (projects: 1, runs: 100,000)",
            "stats": {
                "moe": 0.044562356842519,
                "rme": 4.529615454616692,
                "sem": 0.01970042300730283,
                "deviation": 0.06229820757186091,
                "mean": 0.9837999999999999,
                "sample": [
                    1.059,
                    0.999,
                    0.994,
                    0.941,
                    0.941,
                    0.984,
                    1.11,
                    0.975,
                    0.902,
                    0.933
                ],
                "variance": 0.003881066666666668
            },
            "times": {
                "cycle": 0.9837999999999999,
                "elapsed": 10.008,
                "period": 0.9837999999999999,
                "timeStamp": 1477740478598
            }
        },
        {
            "name": "paralleljs: Monte Carlo simjs (projects: 1, runs: 1,000,000)",
            "stats": {
                "moe": 0.13817287285484056,
                "rme": 2.4171309365132,
                "sem": 0.04977408964511548,
                "deviation": 0.1112982479646466,
                "mean": 5.7164,
                "sample": [
                    5.67,
                    5.615,
                    5.808,
                    5.861,
                    5.628
                ],
                "variance": 0.01238729999999996
            },
            "times": {
                "cycle": 5.7164,
                "elapsed": 28.669,
                "period": 5.7164,
                "timeStamp": 1477740488612
            }
        },
        {
            "name": "paralleljs: Monte Carlo simjs (projects: 4, runs: 10,000)",
            "stats": {
                "moe": 0.0025062826369814046,
                "rme": 0.9225065754323388,
                "sem": 0.001204943575471829,
                "deviation": 0.005651686336091059,
                "mean": 0.27168181818181825,
                "sample": [
                    0.274,
                    0.267,
                    0.263,
                    0.264,
                    0.276,
                    0.273,
                    0.274,
                    0.272,
                    0.271,
                    0.266,
                    0.275,
                    0.268,
                    0.283,
                    0.265,
                    0.278,
                    0.271,
                    0.276,
                    0.27,
                    0.284,
                    0.272,
                    0.266,
                    0.269
                ],
                "variance": 0.000031941558441558375
            },
            "times": {
                "cycle": 0.27168181818181825,
                "elapsed": 6.355,
                "period": 0.27168181818181825,
                "timeStamp": 1477740517287
            }
        },
        {
            "name": "paralleljs: Monte Carlo simjs (projects: 4, runs: 100,000)",
            "stats": {
                "moe": 0.022759011107847844,
                "rme": 1.8034081701939657,
                "sem": 0.009623260510717904,
                "deviation": 0.027218691057013394,
                "mean": 1.262,
                "sample": [
                    1.303,
                    1.249,
                    1.259,
                    1.234,
                    1.3,
                    1.245,
                    1.235,
                    1.271
                ],
                "variance": 0.0007408571428571409
            },
            "times": {
                "cycle": 1.262,
                "elapsed": 10.235,
                "period": 1.262,
                "timeStamp": 1477740523648
            }
        },
        {
            "name": "paralleljs: Monte Carlo simjs (projects: 4, runs: 1,000,000)",
            "stats": {
                "moe": 0.5214170487836386,
                "rme": 2.587651977566667,
                "sem": 0.18783034898546058,
                "deviation": 0.4200014285689985,
                "mean": 20.1502,
                "sample": [
                    20.782,
                    20.38,
                    19.92,
                    19.809,
                    19.86
                ],
                "variance": 0.1764011999999996
            },
            "times": {
                "cycle": 20.1502,
                "elapsed": 100.847,
                "period": 20.1502,
                "timeStamp": 1477740533889
            }
        },
        {
            "name": "paralleljs: Monte Carlo simjs (projects: 8, runs: 10,000)",
            "stats": {
                "moe": 0.0073684512356559425,
                "rme": 1.761470488129315,
                "sem": 0.0034577434235832675,
                "deviation": 0.01383097369433307,
                "mean": 0.41831250000000003,
                "sample": [
                    0.419,
                    0.41,
                    0.446,
                    0.426,
                    0.415,
                    0.428,
                    0.403,
                    0.411,
                    0.414,
                    0.449,
                    0.419,
                    0.408,
                    0.424,
                    0.415,
                    0.404,
                    0.402
                ],
                "variance": 0.00019129583333333337
            },
            "times": {
                "cycle": 0.41831250000000003,
                "elapsed": 6.977,
                "period": 0.41831250000000003,
                "timeStamp": 1477740634742
            }
        },
        {
            "name": "paralleljs: Monte Carlo simjs (projects: 8, runs: 100,000)",
            "stats": {
                "moe": 0.024695879202814443,
                "rme": 0.6076741929826389,
                "sem": 0.00960555394897489,
                "deviation": 0.02352870587176444,
                "mean": 4.063999999999999,
                "sample": [
                    4.036,
                    4.052,
                    4.082,
                    4.07,
                    4.098,
                    4.046
                ],