{
    "benchmarks": [       
        {
            "name": "paralleljs: Monte Carlo simjs (projects: 1, runs: 10,000)",
            "stats": {
                "moe": 0.019558883184367992,
                "rme": 22.96916635580648,
                "sem": 0.009979022032840812,
                "deviation": 0.05987413219704487,
                "mean": 0.08515277777777779,
                "sample": [
                    0.434,
                    0.0755,
                    0.0725,
                    0.0725,
                    0.072,
                    0.075,
                    0.074,
                    0.0755,
                    0.0835,
                    0.0865,
                    0.0745,
                    0.074,
                    0.073,
                    0.0735,
                    0.0735,
                    0.075,
                    0.0745,
                    0.0775,
                    0.0735,
                    0.076,
                    0.0755,
                    0.074,
                    0.0745,
                    0.0735,
                    0.0745,
                    0.0745,
                    0.0775,
                    0.08,
                    0.075,
                    0.076,
                    0.077,
                    0.075,
                    0.073,
                    0.0735,
                    0.073,
                    0.073
                ],
                "variance": 0.0035849117063492053
            },
            "times": {
                "cycle": 0.17030555555555557,
                "elapsed": 6.361,
                "period": 0.08515277777777779,
                "timeStamp": 1477948714979
            }
        }, 
		{
            "name": "paralleljs: Monte Carlo simjs (projects: 4, runs: 10,000)",
            "stats": {
                "moe": 0.021729110377482083,
                "rme": 8.54075743628513,
                "sem": 0.010502228311977807,
                "deviation": 0.05145020105311345,
                "mean": 0.2544166666666666,
                "sample": [
                    0.413,
                    0.422,
                    0.231,
                    0.234,
                    0.277,
                    0.252,
                    0.225,
                    0.242,
                    0.229,
                    0.229,
                    0.231,
                    0.243,
                    0.26,
                    0.246,
                    0.234,
                    0.235,
                    0.234,
                    0.238,
                    0.238,
                    0.235,
                    0.239,
                    0.246,
                    0.237,
                    0.236
                ],
                "variance": 0.0026471231884057965
            },
            "times": {
                "cycle": 0.2544166666666666,
                "elapsed": 6.519,
                "period": 0.2544166666666666,
                "timeStamp": 1477948733355
            }
        },
        {
            "name": "paralleljs: Monte Carlo simjs (projects: 8, runs: 10,000)",
            "stats": {
                "moe": 0.005666121248261455,
                "rme": 1.214168838913169,
                "sem": 0.002641548367487858,
                "deviation": 0.010230672835481864,
                "mean": 0.4666666666666667,
                "sample": [
                    0.467,
                    0.458,
                    0.472,
                    0.455,
                    0.459,
                    0.453,
                    0.463,
                    0.468,
                    0.464,
                    0.466,
                    0.468,
                    0.471,
                    0.469,
                    0.47,
                    0.497
                ],
                "variance": 0.00010466666666666651
            },
            "times": {
                "cycle": 0.4666666666666667,
                "elapsed": 7.237,
                "period": 0.4666666666666667,
                "timeStamp": 1477948751702
            }
        },
        {
            "name": "paralleljs: Monte Carlo simjs (projects: 16, runs: 10,000)",
            "stats": {
                "moe": 0.013750942571329442,
                "rme": 1.5415854900593546,
                "sem": 0.00607910812171947,
                "deviation": 0.01922382780706164,
                "mean": 0.892,
                "sample": [
                    0.867,
                    0.886,
                    0.871,
                    0.92,
                    0.925,
                    0.882,
                    0.895,
                    0.904,
                    0.885,
                    0.885
                ],
                "variance": 0.00036955555555555624
            },
            "times": {
                "cycle": 0.892,
                "elapsed": 9.093,
                "period": 0.892,
                "timeStamp": 1477948770918
            }
        },
        {
            "name": "paralleljs: Monte Carlo simjs (projects: 1, runs: 100,000)",
            "stats": {
                "moe": 0.00771222918127078,
                "rme": 1.246588768524372,
                "sem": 0.0035039660069381097,
                "deviation": 0.012138094304022094,
                "mean": 0.6186666666666666,
                "sample": [
                    0.618,
                    0.615,
                    0.615,
                    0.624,
                    0.611,
                    0.606,
                    0.651,
                    0.618,
                    0.609,
                    0.628,
                    0.608,
                    0.621
                ],
                "variance": 0.0001473333333333336
            },
            "times": {
                "cycle": 0.6186666666666666,
                "elapsed": 7.649,
                "period": 0.6186666666666666,
                "timeStamp": 1477948792926
            }
        },
        {
            "name": "paralleljs: Monte Carlo simjs (projects: 4, runs: 100,000)",
            "stats": {
                "moe": 0.003933034819401539,
                "rme": 0.31593813189288394,
                "sem": 0.0016630168369562532,
                "deviation": 0.00470372193055668,
                "mean": 1.244875,
                "sample": [
                    1.239,
                    1.242,
                    1.242,
                    1.248,
                    1.248,
                    1.24,
                    1.252,
                    1.248
                ],
                "variance": 0.000022124999999999853
            },
            "times": {
                "cycle": 1.244875,
                "elapsed": 10.103,
                "period": 1.244875,
                "timeStamp": 1477948815196
            }
        },
        {
            "name": "paralleljs: Monte Carlo simjs (projects: 8, runs: 100,000)",
            "stats": {
                "moe": 0.040557474068906196,
                "rme": 1.1439140902244027,
                "sem": 0.01577498019016188,
                "deviation": 0.03864065216840935,
                "mean": 3.5455,
                "sample": [
                    3.566,
                    3.563,
                    3.588,
                    3.491,
                    3.504,
                    3.561
                ],
                "variance": 0.0014930999999999985
            },
            "times": {
                "cycle": 3.5455,
                "elapsed": 21.377,
                "period": 3.5455,
                "timeStamp": 1477948843403
            }
        },
        {
            "name": "paralleljs: Monte Carlo simjs (projects: 16, runs: 100,000)",
            "stats": {
                "moe": 0.1217414475589968,
                "rme": 1.670757933178667,
                "sem": 0.043854988313759655,
                "deviation": 0.09806273502202546,
                "mean": 7.286600000000002,