{
    "benchmarks": [
        {
            "name": "paralleljs: Monte Carlo simjs (projects: 1, runs: 10,000)",
            "stats": {
                "moe": 0.11617806103085422,
                "rme": 11.008660236657066,
                "sem": 0.050380772346424206,
                "deviation": 0.1511423170392726,
                "mean": 1.0553333333333332,
                "sample": [
                    1.335,
                    1.304,
                    0.976,
                    0.978,
                    0.987,
                    1.023,
                    0.974,
                    0.968,
                    0.953
                ],
                "variance": 0.022844
            },
            "times": {
                "cycle": 1.0553333333333332,
                "elapsed": 12.131,
                "period": 1.0553333333333332,
                "timeStamp": 1477810646675
            }
        },
        {
            "name": "paralleljs: Monte Carlo simjs (projects: 1, runs: 100,000)",
            "stats": {
                "moe": 0.048934825331659215,
                "rme": 0.7280667936032139,
                "sem": 0.017627818923508363,
                "deviation": 0.039417001408021866,
                "mean": 6.7212000000000005,
                "sample": [
                    6.745,
                    6.726,
                    6.727,
                    6.654,
                    6.754
                ],
                "variance": 0.0015536999999999977
            },
            "times": {
                "cycle": 6.7212000000000005,
                "elapsed": 33.927,
                "period": 6.7212000000000005,
                "timeStamp": 1477810658831
            }
        },
        {
            "name": "paralleljs: Monte Carlo simjs (projects: 1, runs: 1,000,000)",
            "stats": {
                "moe": 0.43808006657851745,
                "rme": 0.941969919621469,
                "sem": 0.15780982225450918,
                "deviation": 0.35287349007824165,
                "mean": 46.506800000000005,
                "sample": [
                    46.422,
                    47.037,
                    46.359,
                    46.09,
                    46.626
                ],
                "variance": 0.12451969999999889
            },
            "times": {
                "cycle": 46.506800000000005,
                "elapsed": 232.835,
                "period": 46.506800000000005,
                "timeStamp": 1477810692776
            }
        },
        {
            "name": "paralleljs: Monte Carlo simjs (projects: 4, runs: 10,000)",
            "stats": {
                "moe": 0.10549403549566437,
                "rme": 8.791983697203252,
                "sem": 0.045747630310348814,
                "deviation": 0.13724289093104644,
                "mean": 1.199888888888889,
                "sample": [
                    1.129,
                    1.157,
                    1.142,
                    1.149,
                    1.162,
                    1.148,
                    1.157,
                    1.192,
                    1.563
                ],
                "variance": 0.01883561111111111
            },
            "times": {
                "cycle": 1.199888888888889,
                "elapsed": 11.237,
                "period": 1.199888888888889,
                "timeStamp": 1477810925631
            }
        },
        {
            "name": "paralleljs: Monte Carlo simjs (projects: 4, runs: 100,000)",
            "stats": {
                "moe": 0.7301930160213802,
                "rme": 9.650978271495905,
                "sem": 0.26303782997888336,
                "deviation": 0.5881704684868153,
                "mean": 7.566,
                "sample": [
                    8.575,
                    7.193,
                    7.59,
                    7.172,
                    7.3
                ],
                "variance": 0.3459444999999998
            },
            "times": {
                "cycle": 7.566,
                "elapsed": 38.132,
                "period": 7.566,
                "timeStamp": 1477810936890
            }
        },
        {
            "name": "paralleljs: Monte Carlo simjs (projects: 4, runs: 1,000,000)",
            "stats": {
                "moe": 5.116411628491201,
                "rme": 5.38649024960647,
                "sem": 1.8430877624247843,
                "deviation": 4.121269525279801,
                "mean": 94.98599999999999,
                "sample": [
                    88.268,
                    93.802,
                    98.209,
                    97.136,
                    97.515
                ],
                "variance": 16.984862499999995
            },
            "times": {
                "cycle": 94.98599999999999,
                "elapsed": 475.657,
                "period": 94.98599999999999,
                "timeStamp": 1477810975040
            }
        },
        {
            "name": "paralleljs: Monte Carlo simjs (projects: 8, runs: 10,000)",
            "stats": {
                "moe": 0.11105956212163819,
                "rme": 4.132448823130723,
                "sem": 0.04319702921884021,
                "deviation": 0.10581067999025431,
                "mean": 2.6875,
                "sample": [
                    2.483,
                    2.733,
                    2.679,
                    2.717,
                    2.785,
                    2.728
                ],
                "variance": 0.011195900000000005
            },
            "times": {
                "cycle": 2.6875,
                "elapsed": 16.443,
                "period": 2.6875,
                "timeStamp": 1477811450816
            }
        },
        {
            "name": "paralleljs: Monte Carlo simjs (projects: 8, runs: 100,000)",
            "stats": {
                "moe": 0.2342894662987647,
                "rme": 1.172127165249668,
                "sem": 0.08439822273010257,
                "deviation": 0.18872016320467724,
                "mean": 19.988400000000002,
                "sample": [
                    20.16,
                    19.853,
                    19.983,
                    20.19,
                    19.756
                ],
                "variance": 0.03561530000000001
            },
            "times": {
                "cycle": 19.988400000000002,
                "elapsed": 100.229,
                "period": 19.988400000000002,
                "timeStamp": 1477811467303
            }
        },
        {
            "name": "paralleljs: Monte Carlo simjs (projects: 8, runs: 1,000,000)",
            "stats": {
                "moe": 5.772434211373139,
                "rme": 2.684039171085391,
                "sem": 2.0794071366617937,
                "deviation": 4.649695710473966,
                "mean": 215.0652,
                "sample": [
                    223.031,
                    210.811,
                    214.299,
                    213.563,
                    213.622
                ],
                "variance": 21.619670200000005
            },
            "times": {
                "cycle": 215.0652,
                "elapsed": 1076.118,
                "period": 215.0652,
                "timeStamp": 1477811567553
            }
        },
        {
            "name": "paralleljs: Monte Carlo simjs (projects: 16, runs: 10,000)",
            "stats": {
                "moe": 0.6912348140519542,
                "rme": 12.546918137877627,
                "sem": 0.2490038955518567,
                "deviation": 0.5567896371162091,
                "mean": 5.5092,
                "sample": [
                    4.831,
                    5.366,
                    6.38,
                    5.491,
                    5.478
                ],
                "variance": 0.31001469999999987
            },
            "times": {
                "cycle": 5.5092,