{
    "benchmarks": [
        {
            "name": "parallel-transpiled: Monte Carlo simjs (projects: 1, runs: 10,000)",
            "stats": {
                "moe": 0.00043683155607957095,
                "rme": 0.9830497374949428,
                "sem": 0.00022287324289774028,
                "deviation": 0.0016528722067923258,
                "mean": 0.044436363636363635,
                "sample": [
                    0.0495,
                    0.044,
                    0.044,
                    0.044,
                    0.0435,
                    0.0415,
                    0.0435,
                    0.045,
                    0.043,
                    0.044,
                    0.044,
                    0.043,
                    0.044,
                    0.0445,
                    0.0415,
                    0.0455,
                    0.044,
                    0.043,
                    0.045,
                    0.0445,
                    0.0435,
                    0.044,
                    0.0465,
                    0.042,
                    0.0465,
                    0.046,
                    0.0425,
                    0.0455,
                    0.0445,
                    0.043,
                    0.044,
                    0.045,
                    0.0435,
                    0.043,
                    0.0455,
                    0.0455,
                    0.045,
                    0.0435,
                    0.0445,
                    0.0485,
                    0.045,
                    0.042,
                    0.045,
                    0.045,
                    0.043,
                    0.0435,
                    0.044,
                    0.043,
                    0.047,
                    0.0465,
                    0.045,
                    0.0475,
                    0.0465,
                    0.042,
                    0.046
                ],
                "variance": 0.000002731986531986533
            },
            "times": {
                "cycle": 0.08887272727272727,
                "elapsed": 5.856,
                "period": 0.044436363636363635,
                "timeStamp": 1477948709117
            }
        },
        {
            "name": "parallel-transpiled: Monte Carlo simjs (projects: 4, runs: 10,000)",
            "stats": {
                "moe": 0.0037008889508499386,
                "rme": 6.293299085503275,
                "sem": 0.001888208648392826,
                "deviation": 0.012524959225246218,
                "mean": 0.0588068181818182,
                "sample": [
                    0.054,
                    0.052,
                    0.0565,
                    0.0525,
                    0.0535,
                    0.0545,
                    0.053,
                    0.057,
                    0.054,
                    0.057,
                    0.054,
                    0.054,
                    0.0545,
                    0.056,
                    0.0545,
                    0.055,
                    0.055,
                    0.055,
                    0.0545,
                    0.054,
                    0.0575,
                    0.055,
                    0.056,
                    0.055,
                    0.056,
                    0.0555,
                    0.0555,
                    0.0545,
                    0.0545,
                    0.054,
                    0.0555,
                    0.054,
                    0.056,
                    0.0565,
                    0.058,
                    0.059,
                    0.06,
                    0.0625,
                    0.0565,
                    0.056,
                    0.058,
                    0.098,
                    0.105,
                    0.1085
                ],
                "variance": 0.00015687460359408033
            },
            "times": {
                "cycle": 0.1176136363636364,
                "elapsed": 5.956,
                "period": 0.0588068181818182,
                "timeStamp": 1477948727392
            }
        },
        {
            "name": "parallel-transpiled: Monte Carlo simjs (projects: 8, runs: 10,000)",
            "stats": {
                "moe": 0.0033468162722065055,
                "rme": 2.8163033210348276,
                "sem": 0.0017075593225543396,
                "deviation": 0.011197215284248852,
                "mean": 0.11883720930232561,
                "sample": [
                    0.135,
                    0.126,
                    0.118,
                    0.112,
                    0.115,
                    0.167,
                    0.122,
                    0.114,
                    0.119,
                    0.161,
                    0.108,
                    0.112,
                    0.111,
                    0.112,
                    0.114,
                    0.114,
                    0.116,
                    0.111,
                    0.112,
                    0.118,
                    0.117,
                    0.119,
                    0.113,
                    0.117,
                    0.112,
                    0.115,
                    0.11,
                    0.121,
                    0.116,
                    0.115,
                    0.117,
                    0.12,
                    0.114,
                    0.121,
                    0.116,
                    0.117,
                    0.117,
                    0.119,
                    0.115,
                    0.123,
                    0.123,
                    0.121,
                    0.115
                ],
                "variance": 0.0001253776301218161
            },
            "times": {
                "cycle": 0.11883720930232561,
                "elapsed": 5.838,
                "period": 0.11883720930232561,
                "timeStamp": 1477948745858
            }
        },
        {
            "name": "parallel-transpiled: Monte Carlo simjs (projects: 16, runs: 10,000)",
            "stats": {
                "moe": 0.0050432042538053135,
                "rme": 2.1779254853192755,
                "sem": 0.002443412913665365,
                "deviation": 0.012217064568326825,
                "mean": 0.23156,
                "sample": [
                    0.247,
                    0.228,
                    0.232,
                    0.23,
                    0.227,
                    0.225,
                    0.232,
                    0.222,
                    0.225,
                    0.245,
                    0.222,
                    0.225,
                    0.231,
                    0.224,
                    0.225,
                    0.281,
                    0.224,
                    0.232,
                    0.226,
                    0.228,
                    0.243,
                    0.228,
                    0.228,
                    0.231,
                    0.228
                ],
                "variance": 0.0001492566666666667
            },
            "times": {
                "cycle": 0.23156,
                "elapsed": 6.204,
                "period": 0.23156,
                "timeStamp": 1477948764708
            }
        },
        {
            "name": "parallel-transpiled: Monte Carlo simjs (projects: 1, runs: 100,000)",
            "stats": {
                "moe": 0.026217678410272897,
                "rme": 5.455521666822541,
                "sem": 0.012137814078830043,
                "deviation": 0.045415541707343174,
                "mean": 0.48057142857142854,