{
	"benchmarks": [
        {
            "name": "parallel-transpiled: Knights Tour (5x5)",
            "stats": {
                "moe": 0.0017321715446192098,
                "rme": 1.8408881464772024,
                "sem": 0.000883760992152658,
                "deviation": 0.006433877138730928,
                "mean": 0.09409433962264153,
                "sample": [
                    0.131,
                    0.107,
                    0.092,
                    0.093,
                    0.092,
                    0.093,
                    0.094,
                    0.094,
                    0.094,
                    0.095,
                    0.094,
                    0.092,
                    0.092,
                    0.096,
                    0.093,
                    0.093,
                    0.094,
                    0.092,
                    0.094,
                    0.093,
                    0.092,
                    0.093,
                    0.095,
                    0.092,
                    0.093,
                    0.092,
                    0.093,
                    0.095,
                    0.092,
                    0.094,
                    0.095,
                    0.093,
                    0.095,
                    0.108,
                    0.093,
                    0.095,
                    0.09,
                    0.09,
                    0.092,
                    0.09,
                    0.094,
                    0.09,
                    0.107,
                    0.092,
                    0.091,
                    0.091,
                    0.09,
                    0.089,
                    0.091,
                    0.09,
                    0.091,
                    0.089,
                    0.092
                ],
                "variance": 0.000041394775036284476
            },
            "times": {
                "cycle": 0.09409433962264153,
                "elapsed": 5.937,
                "period": 0.09409433962264153,
                "timeStamp": 1480493519203
            }
        },
        {
            "name": "parallel-transpiled: Knights Tour (6x6)",
            "stats": {
                "moe": 5.228504406673213,
                "rme": 0.6119787863146763,
                "sem": 1.8834670052857398,
                "deviation": 4.21156025719687,
                "mean": 854.3603999999999,
                "sample": [
                    859.293,
                    850.477,
                    851.345,
                    858.546,
                    852.141
                ],
                "variance": 17.737239800000168
            },
            "times": {
                "cycle": 854.3603999999999,
                "elapsed": 4271.923,
                "period": 854.3603999999999,
                "timeStamp": 1480497858033
            }
        }
	],
    "platform": {
        "description": "Chrome 54.0.2840.99 on Windows 10 64-bit",
        "layout": "Blink",
        "manufacturer": null,
        "name": "Chrome",
        "prerelease": null,
        "product": null,
        "ua": "Mozilla/5.0 (Windows NT 10.0; Win64; x64) AppleWebKit/537.36 (KHTML, like Gecko) Chrome/54.0.2840.99 Safari/537.36",
        "version": "54.0.2840.99",
        "os": {
            "architecture": 64,
            "family": "Windows",
            "version": "10"
        }
    }
}