{
	"benchmarks": [
		{
			"name": "parallel-transpiled: Knights Tour (5x5)",
			"stats": {
				"moe": 0.0029204830593059497,
				"rme": 4.1325025601797085,
				"sem": 0.001490042377196913,
				"deviation": 0.009185238095009832,
				"mean": 0.07067105263157895,
				"sample": [
					0.111,
					0.0705,
					0.0675,
					0.07,
					0.068,
					0.067,
					0.073,
					0.068,
					0.068,
					0.069,
					0.105,
					0.068,
					0.068,
					0.074,
					0.0675,
					0.068,
					0.0695,
					0.067,
					0.0675,
					0.0695,
					0.067,
					0.0665,
					0.067,
					0.0755,
					0.0685,
					0.067,
					0.0675,
					0.0675,
					0.0665,
					0.0665,
					0.0675,
					0.0665,
					0.072,
					0.0695,
					0.0685,
					0.0685,
					0.067,
					0.0705
				],
				"variance": 8.436859886201983e-05
			},
			"times": {
				"cycle": 0.1413421052631579,
				"elapsed": 5.945,
				"period": 0.07067105263157895,
				"timeStamp": 1480533980960
			}
		},
		{
			"name": "parallel-transpiled: Knights Tour (6x6)",
			"stats": {
				"moe": 9.635343026869826,
				"rme": 0.8032045534424886,
				"sem": 3.4709448944055574,
				"deviation": 7.761268730046656,
				"mean": 1199.6126,
				"sample": [
					1202.877,
					1207.96,
					1196.776,
					1187.673,
					1202.777
				],
				"variance": 60.237292300000036
			},
			"times": {
				"cycle": 1199.6126,
				"elapsed": 6099.143,
				"period": 1199.6126,
				"timeStamp": 1480540189117
			}
		}
	],
	"platform": {
		"description": "Safari 10.0.1 on OS X 10.12.1",
		"layout": "WebKit",
		"manufacturer": null,
		"name": "Safari",
		"prerelease": null,
		"product": null,
		"ua": "Mozilla/5.0 (Macintosh; Intel Mac OS X 10_12_1) AppleWebKit/602.2.14 (KHTML, like Gecko) Version/10.0.1 Safari/602.2.14",
		"version": "10.0.1",
		"os": {
			"architecture": 32,
			"family": "OS X",
			"version": "10.12.1"
		}
	}
}