{
    "benchmarks": [
        {
            "name": "parallel-transpiled: Mandelbrot 7000x7000, 1000",
            "stats": {
                "moe": 12.540316589091898,
                "rme": 17.565633564209453,
                "sem": 4.517405111344344,
                "deviation": 10.10122491087096,
                "mean": 71.3912,
                "sample": [
                    55.073,
                    76.629,
                    69.022,
                    75.086,
                    81.146
                ],
                "variance": 102.0347447
            },
            "times": {
                "cycle": 71.3912,
                "elapsed": 358.596,
                "period": 71.3912,
                "timeStamp": 1479317878184
            }
        },
        {
            "name": "parallel-transpiled: Knights Tour (5x5)",
            "stats": {
                "moe": 0.1323150881238501,
                "rme": 12.657693379194846,
                "sem": 0.0573786158386167,
                "deviation": 0.1721358475158501,
                "mean": 1.0453333333333332,
                "sample": [
                    0.903,
                    0.867,
                    0.908,
                    1.113,
                    1.191,
                    1.184,
                    0.98,
                    0.905,
                    1.357
                ],
                "variance": 0.029630749999999997
            },
            "times": {
                "cycle": 1.0453333333333332,
                "elapsed": 10.505,
                "period": 1.0453333333333332,
                "timeStamp": 1479318236929
            }
        },
        {
            "name": "parallel-transpiled: Knights Tour (6x6)",
            "stats": {
                "moe": 2674.7458077311503,
                "rme": 21.067554067522725,
                "sem": 963.5251468772155,
                "deviation": 2154.5077264479232,
                "mean": 12696.0434,
                "sample": [
                    15129.046,
                    13435.425,
                    13449.902,
                    12115.932,
                    9349.912
                ],
                "variance": 4641903.543323799
            },
            "times": {
                "cycle": 12696.0434,
                "elapsed": 63480.778,
                "period": 12696.0434,
                "timeStamp": 1479318247494
            }
        },
        {
            "name": "parallel-transpiled: Monte Carlo simjs (projects: 1, runs: 10,000)",
            "stats": {
                "moe": 0.01558852069569077,
                "rme": 6.545015991253879,
                "sem": 0.007516162341220237,
                "deviation": 0.03604624829035994,
                "mean": 0.2381739130434784,
                "sample": [
                    0.385,
                    0.282,
                    0.263,
                    0.233,
                    0.227,
                    0.223,
                    0.224,
                    0.232,
                    0.228,
                    0.222,
                    0.23,
                    0.225,
                    0.228,
                    0.221,
                    0.269,
                    0.221,
                    0.222,
                    0.234,
                    0.222,
                    0.221,
                    0.222,
                    0.222,
                    0.222
                ],
                "variance": 0.0012993320158102767
            },
            "times": {
                "cycle": 0.2381739130434784,
                "elapsed": 6.809,
                "period": 0.2381739130434784,
                "timeStamp": 1479381728294
            }
        },
        {
            "name": "parallel-transpiled: Monte Carlo simjs (projects: 4, runs: 10,000)",
            "stats": {
                "moe": 0.012953318784484061,
                "rme": 5.06979208786069,
                "sem": 0.006227557107925029,
                "deviation": 0.029209832004211976,
                "mean": 0.25549999999999995,
                "sample": [
                    0.372,
                    0.3,
                    0.269,
                    0.251,
                    0.244,
                    0.246,
                    0.243,
                    0.245,
                    0.244,
                    0.244,
                    0.249,
                    0.243,
                    0.243,
                    0.242,
                    0.241,
                    0.241,
                    0.26,
                    0.242,
                    0.242,
                    0.249,
                    0.252,
                    0.259
                ],
                "variance": 0.0008532142857142861
            },
            "times": {
                "cycle": 0.25549999999999995,
                "elapsed": 6.818,
                "period": 0.25549999999999995,
                "timeStamp": 1479381735111
            }
        },
        {
            "name": "parallel-transpiled: Monte Carlo simjs (projects: 8, runs: 10,000)",
            "stats": {
                "moe": 0.03207473634418671,
                "rme": 9.371366915878019,
                "sem": 0.015266414252349696,
                "deviation": 0.06654475695622138,
                "mean": 0.3422631578947368,
                "sample": [
                    0.462,
                    0.421,
                    0.329,
                    0.308,
                    0.277,
                    0.307,
                    0.339,
                    0.355,
                    0.305,
                    0.312,
                    0.335,
                    0.326,
                    0.305,
                    0.315,
                    0.331,
                    0.285,
                    0.279,
                    0.372,
                    0.54
                ],
                "variance": 0.004428204678362573
            },
            "times": {
                "cycle": 0.3422631578947368,
                "elapsed": 7.435,
                "period": 0.3422631578947368,
                "timeStamp": 1479381741937
            }
        },
        {
            "name": "parallel-transpiled: Monte Carlo simjs (projects: 16, runs: 10,000)",
            "stats": {
                "moe": 0.04937580797373129,
                "rme": 13.337224218096308,
                "sem": 0.023501098512009183,
                "deviation": 0.10243891347604213,
                "mean": 0.37021052631578955,
                "sample": [
                    0.564,
                    0.592,
                    0.542,
                    0.518,
                    0.351,
                    0.376,
                    0.294,
                    0.338,
                    0.297,
                    0.321,
                    0.319,
                    0.309,
                    0.344,
                    0.299,
                    0.296,
                    0.298,
                    0.291,
                    0.292,
                    0.393
                ],
                "variance": 0.010493730994152045
            },
            "times": {
                "cycle": 0.37021052631578955,
                "elapsed": 8.07,
                "period": 0.37021052631578955,
                "timeStamp": 1479381749386
            }
        },
        {
            "name": "parallel-transpiled: Monte Carlo simjs (projects: 1, runs: 100,000)",
            "stats": {
                "moe": 0.4771727255087144,
                "rme": 19.77976596530468,
                "sem": 0.1950031571347423,
                "deviation": 0.5159298586509788,
                "mean": 2.4124285714285714,
                "sample": [
                    3.577,
                    2.288,
                    2.167,
                    2.176,
                    2.281,
                    2.22,
                    2.178
                ],