{
    "benchmarks": [
        {
            "name": "parallel-transpiled: Mandelbrot 10000x10000, 1000",
            "stats": {
                "moe": 0.015330961091861973,
                "rme": 0.011314696442597545,
                "sem": 0.0055226805085958125,
                "deviation": 0.012349089035233348,
                "mean": 135.49600000000004,
                "sample": [
                    135.513,
                    135.491,
                    135.48,
                    135.502,
                    135.494
                ],
                "variance": 0.0001525000000001205
            },
            "times": {
                "cycle": 135.49600000000004,
                "elapsed": 677.612,
                "period": 135.49600000000004,
                "timeStamp": 1481015838330
            }
        },
        {
            "name": "parallel-transpiled: Mandelbrot 10000x10000, 1000 (1)",
            "stats": {
                "moe": 2.5912861323040604,
                "rme": 2.014176286104309,
                "sem": 0.9334604222997336,
                "deviation": 2.087280958567865,
                "mean": 128.6524,
                "sample": [
                    132.385,
                    127.761,
                    127.739,
                    127.627,
                    127.75
                ],
                "variance": 4.356741799999985
            },
            "times": {
                "cycle": 128.6524,
                "elapsed": 648.52,
                "period": 128.6524,
                "timeStamp": 1481016515945
            }
        },
        {
            "name": "parallel-transpiled: Mandelbrot 10000x10000, 1000 (150)",
            "stats": {
                "moe": 0.3070228390472667,
                "rme": 0.23989757764232345,
                "sem": 0.11059900542048513,
                "deviation": 0.2473068943640725,
                "mean": 127.9808,
                "sample": [
                    127.906,
                    127.889,
                    128.113,
                    128.324,
                    127.672
                ],
                "variance": 0.06116070000000251
            },
            "times": {
                "cycle": 127.9808,
                "elapsed": 647.996,
                "period": 127.9808,
                "timeStamp": 1481017165469
            }
        },
        {
            "name": "parallel-transpiled: Mandelbrot 10000x10000, 1000 (312)",
            "stats": {
                "moe": 0.7149821754672141,
                "rme": 0.5312976882900661,
                "sem": 0.2575584205573538,
                "deviation": 0.5759181365437224,
                "mean": 134.5728,
                "sample": [
                    133.984,
                    135.064,
                    134.327,
                    134.188,
                    135.301
                ],
                "variance": 0.33168169999999364
            },
            "times": {
                "cycle": 134.5728,
                "elapsed": 681.997,
                "period": 134.5728,
                "timeStamp": 1481017814469
            }
        },
        {
            "name": "parallel-transpiled: Mandelbrot 10000x10000, 1000 (625)",
            "stats": {
                "moe": 0.13627021797590938,
                "rme": 0.10385816259367521,
                "sem": 0.049088695236278596,
                "deviation": 0.10976565947508904,
                "mean": 131.208,
                "sample": [
                    131.118,
                    131.142,
                    131.263,
                    131.376,
                    131.141
                ],
                "variance": 0.012048500000001204
            },
            "times": {
                "cycle": 131.208,
                "elapsed": 664.998,
                "period": 131.208,
                "timeStamp": 1481018497469
            }
        },
        {
            "name": "parallel-transpiled: Mandelbrot 10000x10000, 1000 (1250)",
            "stats": {
                "moe": 0.2810518697362496,
                "rme": 0.1527117192145707,
                "sem": 0.10124346892516198,
                "deviation": 0.22638727879454976,
                "mean": 184.04080000000002,
                "sample": [
                    183.653,
                    184.113,
                    184.051,
                    184.23,
                    184.157
                ],
                "variance": 0.051251200000001204
            },
            "times": {
                "cycle": 184.04080000000002,
                "elapsed": 928.994,
                "period": 184.04080000000002,
                "timeStamp": 1481019163469
            }
        },
        {
            "name": "parallel-transpiled: Mandelbrot 10000x10000, 1000 (2500)",
            "stats": {
                "moe": 0.4685526185083758,
                "rme": 0.1401747540585909,
                "sem": 0.16878696632146103,
                "deviation": 0.37741913041075453,
                "mean": 334.2632,
                "sample": [
                    334.218,
                    333.929,
                    334.903,
                    334.213,
                    334.053
                ],
                "variance": 0.14244520000001012
            },
            "times": {
                "cycle": 334.2632,
                "elapsed": 1679.001,
                "period": 334.2632,
                "timeStamp": 1481020093466
            }
        },
        {
            "name": "parallel-transpiled: Knights Tour (5x5)",
            "stats": {
                "moe": 0.009680657429720609,
                "rme": 2.977645825956442,
                "sem": 0.004198030108291678,
                "deviation": 0.012594090324875034,
                "mean": 0.3251111111111111,
                "sample": [
                    0.357,
                    0.318,
                    0.313,
                    0.323,
                    0.324,
                    0.322,
                    0.326,
                    0.324,
                    0.319
                ],
                "variance": 0.00015861111111111094
            },
            "times": {
                "cycle": 0.3251111111111111,
                "elapsed": 18.001,
                "period": 0.3251111111111111,
                "timeStamp": 1481022410468
            }
        },
        {
            "name": "parallel-transpiled: Knights Tour (6x6)",
            "stats": {
                "moe": 4.922359615417231,
                "rme": 0.30314807642623953,
                "sem": 1.7731842995018845,
                "deviation": 3.9649606303215603,
                "mean": 1623.7476000000001,
                "sample": [
                    1630.549,
                    1621.125,
                    1622.232,
                    1623.813,
                    1621.019
                ],
                "variance": 15.720912799999944
            },
            "times": {
                "cycle": 1623.7476000000001,
                "elapsed": 8126.992,
                "period": 1623.7476000000001,
                "timeStamp": 1481022448472
            }
        },
        {
            "name": "parallel-transpiled: Monte Carlo simjs (projects: 1, runs: 10,000)",
            "stats": {
                "moe": 0.011139774943423386,
                "rme": 7.070379019098058,
                "sem": 0.004830778379628528,
                "deviation": 0.014492335138885584,
                "mean": 0.15755555555555556,
                "sample": [
                    0.158,
                    0.158,
                    0.153,
                    0.176,
                    0.143,
                    0.185,
                    0.141,
                    0.155,
                    0.149
                ],
                "variance": 0.0002100277777777778
            },
            "times": {
                "cycle": 0.15755555555555556,