{
    "benchmarks": [
        {
            "name": "parallel-transpiled: Mandelbrot 10000x10000, 1000",
            "stats": {
                "moe": 17.153888973254105,
                "rme": 6.450979150669774,
                "sem": 6.17935481745465,
                "deviation": 13.817457428919402,
                "mean": 265.9114,
                "sample": [
                    242.309,
                    266.892,
                    270.708,
                    278.272,
                    271.376
                ],
                "variance": 190.92212979999996
            },
            "times": {
                "cycle": 265.9114,
                "elapsed": 1330.805,
                "period": 265.9114,
                "timeStamp": 1479724670986
            }
        },
{
            "name": "parallel-transpiled: Knights Tour (5x5)",
            "stats": {
                "moe": 0.10090072072267328,
                "rme": 7.546094846979398,
                "sem": 0.04266415252544324,
                "deviation": 0.12067244625727233,
                "mean": 1.3371250000000001,
                "sample": [
                    1.22,
                    1.277,
                    1.599,
                    1.227,
                    1.36,
                    1.38,
                    1.298,
                    1.336
                ],
                "variance": 0.014561839285714279
            },
            "times": {
                "cycle": 1.3371250000000001,
                "elapsed": 11.776,
                "period": 1.3371250000000001,
                "timeStamp": 1479729552754
            }
        },
        {
            "name": "parallel-transpiled: Knights Tour (6x6)",
            "stats": {
                "moe": 53.76788879656132,
                "rme": 0.5582376762721162,
                "sem": 19.36883602181604,
                "deviation": 43.31003398982727,
                "mean": 9631.7198,
                "sample": [
                    9693.042,
                    9602.019,
                    9588.07,
                    9616.724,
                    9658.744
                ],
                "variance": 1875.7590441999932
            },
            "times": {
                "cycle": 9631.7198,
                "elapsed": 48159.121,
                "period": 9631.7198,
                "timeStamp": 1479729564570
            }
        },
        {
            "name": "parallel-transpiled: Monte Carlo simjs (projects: 1, runs: 10,000)",
            "stats": {
                "moe": 0.02585906339886784,
                "rme": 10.135131231359175,
                "sem": 0.012396482933301938,
                "deviation": 0.05680782139308434,
                "mean": 0.25514285714285717,
                "sample": [
                    0.494,
                    0.272,
                    0.232,
                    0.243,
                    0.224,
                    0.24,
                    0.246,
                    0.241,
                    0.223,
                    0.223,
                    0.257,
                    0.246,
                    0.24,
                    0.244,
                    0.29,
                    0.238,
                    0.243,
                    0.24,
                    0.238,
                    0.24,
                    0.244
                ],
                "variance": 0.0032271285714285704
            },
            "times": {
                "cycle": 0.25514285714285717,
                "elapsed": 6.982,
                "period": 0.25514285714285717,
                "timeStamp": 1479726001823
            }
        },
        {
            "name": "parallel-transpiled: Monte Carlo simjs (projects: 4, runs: 10,000)",
            "stats": {
                "moe": 0.03687531952005138,
                "rme": 10.745600637217496,
                "sem": 0.017476454748839517,
                "deviation": 0.07414631798402557,
                "mean": 0.34316666666666673,
                "sample": [
                    0.583,
                    0.366,
                    0.31,
                    0.354,
                    0.33,
                    0.317,
                    0.312,
                    0.313,
                    0.314,
                    0.311,
                    0.313,
                    0.315,
                    0.388,
                    0.457,
                    0.317,
                    0.315,
                    0.324,
                    0.238
                ],
                "variance": 0.005497676470588234
            },
            "times": {
                "cycle": 0.34316666666666673,
                "elapsed": 7.43,
                "period": 0.34316666666666673,
                "timeStamp": 1479726008820
            }
        },
        {
            "name": "parallel-transpiled: Monte Carlo simjs (projects: 8, runs: 10,000)",
            "stats": {
                "moe": 0.06371592831466869,
                "rme": 15.950249077437087,
                "sem": 0.029704395484694026,
                "deviation": 0.11504462902137876,
                "mean": 0.3994666666666667,
                "sample": [
                    0.48,
                    0.354,
                    0.279,
                    0.299,
                    0.296,
                    0.268,
                    0.257,
                    0.345,
                    0.37,
                    0.429,
                    0.579,
                    0.475,
                    0.621,
                    0.503,
                    0.437
                ],
                "variance": 0.013235266666666664
            },
            "times": {
                "cycle": 0.3994666666666667,
                "elapsed": 7.194,
                "period": 0.3994666666666667,
                "timeStamp": 1479726016261
            }
        },
        {
            "name": "parallel-transpiled: Monte Carlo simjs (projects: 16, runs: 10,000)",
            "stats": {
                "moe": 0.027765744779721938,
                "rme": 7.001606248629646,
                "sem": 0.013029443819672427,
                "deviation": 0.05211777527868971,
                "mean": 0.3965625,
                "sample": [
                    0.457,
                    0.513,
                    0.337,
                    0.419,
                    0.364,
                    0.399,
                    0.383,
                    0.345,
                    0.343,
                    0.339,
                    0.349,
                    0.378,
                    0.413,
                    0.465,
                    0.439,
                    0.402
                ],
                "variance": 0.0027162625
            },
            "times": {
                "cycle": 0.3965625,
                "elapsed": 7.364,
                "period": 0.3965625,
                "timeStamp": 1479726023469
            }
        },
        {
            "name": "parallel-transpiled: Monte Carlo simjs (projects: 1, runs: 100,000)",
            "stats": {
                "moe": 0.07781976121590638,
                "rme": 3.511043045513017,
                "sem": 0.03180210920143293,
                "deviation": 0.08414047211431044,
                "mean": 2.2164285714285716,
                "sample": [
                    2.219,
                    2.307,
                    2.143,
                    2.306,
                    2.13,
                    2.286,
                    2.124
                ],
                "variance": 0.0070796190476190525
            },
            "times": {
                "cycle": 2.2164285714285716,
                "elapsed": 16.04,
                "period": 2.2164285714285716,
                "timeStamp": 1479726030845
            }
        },
        {
            "name": "parallel-transpiled: Monte Carlo simjs (projects: 4, runs: 100,000)",
            "stats": {
                "moe": 0.055040820830089356,